time,open,high,low,close,tick_volume,spread,real_volume
2026.06.14 22:01:00,4276.19,4276.6,4266.1,4268.0,127,44,0
2026.06.14 22:02:00,4267.99,4285.38,4267.99,4285.38,197,112,0
2026.06.14 22:03:00,4286.04,4297.21,4284.45,4296.83,196,43,0
2026.06.14 22:04:00,4296.83,4300.73,4296.13,4300.19,191,63,0
2026.06.14 22:05:00,4300.18,4300.51,4294.13,4298.32,358,43,0
2026.06.14 22:06:00,4298.35,4304.26,4297.12,4300.94,297,43,0
2026.06.14 22:07:00,4300.94,4305.91,4298.24,4300.78,352,44,0
2026.06.14 22:08:00,4300.69,4307.63,4300.36,4305.4,364,43,0
2026.06.14 22:09:00,4305.48,4308.73,4304.12,4306.01,343,43,0
2026.06.14 22:10:00,4306.03,4306.03,4298.63,4304.08,364,43,0
2026.06.14 22:11:00,4304.09,4305.07,4301.33,4301.33,333,43,0
2026.06.14 22:12:00,4301.34,4304.5,4298.92,4299.49,356,43,0
2026.06.14 22:13:00,4299.47,4302.8,4298.35,4300.22,355,43,0
2026.06.14 22:14:00,4300.23,4300.23,4295.35,4299.83,348,43,0
2026.06.14 22:15:00,4299.85,4302.45,4297.28,4297.9,311,43,0
2026.06.14 22:16:00,4297.89,4302.14,4297.72,4300.66,307,43,0
2026.06.14 22:17:00,4300.37,4301.93,4298.2,4300.12,263,43,0
2026.06.14 22:18:00,4300.1,4304.13,4299.68,4303.94,321,43,0
2026.06.14 22:19:00,4303.93,4305.39,4303.2,4305.28,293,43,0
2026.06.14 22:20:00,4305.32,4305.87,4304.0,4304.87,244,43,0
2026.06.14 22:21:00,4304.87,4306.15,4304.02,4306.07,210,43,0
2026.06.14 22:22:00,4306.07,4306.37,4304.85,4305.27,236,43,0
2026.06.14 22:23:00,4305.18,4305.3,4299.78,4300.22,288,43,0
2026.06.14 22:24:00,4300.38,4301.13,4297.79,4298.36,312,43,0
2026.06.14 22:25:00,4298.37,4298.37,4287.59,4289.41,384,43,0
2026.06.14 22:26:00,4289.32,4291.48,4285.49,4285.8,387,43,0
2026.06.14 22:27:00,4285.8,4286.82,4283.72,4284.9,334,43,0
2026.06.14 22:28:00,4284.87,4289.75,4284.87,4288.2,319,43,0
2026.06.14 22:29:00,4288.19,4288.28,4285.24,4286.81,343,43,0
2026.06.14 22:30:00,4286.82,4287.22,4283.46,4285.49,367,43,0
2026.06.14 22:31:00,4285.47,4285.51,4280.38,4282.03,344,43,0
2026.06.14 22:32:00,4282.03,4282.22,4279.25,4280.75,324,43,0
2026.06.14 22:33:00,4280.75,4284.99,4280.55,4284.99,324,43,0
2026.06.14 22:34:00,4285.02,4285.07,4280.59,4284.45,305,43,0
2026.06.14 22:35:00,4284.45,4286.39,4282.93,4286.2,316,43,0
2026.06.14 22:36:00,4286.19,4286.22,4281.61,4282.18,287,43,0
2026.06.14 22:37:00,4282.18,4285.3,4281.27,4284.89,270,43,0
2026.06.14 22:38:00,4284.88,4286.25,4284.27,4285.54,191,43,0
2026.06.14 22:39:00,4285.53,4285.55,4284.18,4284.97,150,43,0
2026.06.14 22:40:00,4284.96,4285.79,4284.4,4285.3,248,43,0
2026.06.14 22:41:00,4285.23,4285.71,4284.62,4284.96,203,43,0
2026.06.14 22:42:00,4284.97,4286.16,4284.36,4286.16,225,43,0
2026.06.14 22:43:00,4286.17,4288.46,4286.16,4286.59,256,43,0
2026.06.14 22:44:00,4286.59,4287.03,4284.63,4285.13,213,43,0
2026.06.14 22:45:00,4285.11,4288.44,4284.95,4287.43,222,43,0
2026.06.14 22:46:00,4287.78,4288.02,4285.72,4285.75,203,43,0
2026.06.14 22:47:00,4285.78,4288.8,4285.55,4287.81,174,43,0
2026.06.14 22:48:00,4287.81,4290.15,4287.81,4290.08,246,43,0
2026.06.14 22:49:00,4290.08,4291.55,4290.06,4291.29,200,43,0
2026.06.14 22:50:00,4291.3,4291.76,4289.29,4291.21,217,43,0
2026.06.14 22:51:00,4291.18,4291.29,4290.35,4290.71,174,43,0
2026.06.14 22:52:00,4290.43,4290.74,4289.4,4289.68,182,43,0
2026.06.14 22:53:00,4289.65,4289.78,4288.96,4289.08,118,43,0
2026.06.14 22:54:00,4289.08,4291.2,4288.12,4290.99,195,43,0
2026.06.14 22:55:00,4290.94,4291.29,4289.8,4290.84,205,43,0
2026.06.14 22:56:00,4290.85,4291.14,4289.83,4290.37,120,43,0
2026.06.14 22:57:00,4290.39,4290.63,4288.8,4289.21,218,43,0
2026.06.14 22:58:00,4289.26,4290.13,4288.2,4288.56,160,43,0
2026.06.14 22:59:00,4288.57,4288.95,4285.52,4285.57,182,43,0
2026.06.14 23:00:00,4285.57,4287.42,4285.35,4285.35,297,43,0
2026.06.14 23:01:00,4285.39,4286.55,4283.39,4283.41,265,43,0
2026.06.14 23:02:00,4283.41,4284.42,4282.52,4282.59,251,43,0
2026.06.14 23:03:00,4282.7,4284.13,4282.67,4282.75,245,43,0
2026.06.14 23:04:00,4282.75,4285.56,4282.65,4284.58,224,43,0
2026.06.14 23:05:00,4284.58,4285.65,4284.41,4284.65,195,43,0
2026.06.14 23:06:00,4284.64,4288.22,4284.57,4286.82,232,43,0
2026.06.14 23:07:00,4286.82,4286.94,4284.38,4286.16,228,43,0
2026.06.14 23:08:00,4286.14,4286.64,4282.88,4283.03,204,43,0
2026.06.14 23:09:00,4283.03,4283.06,4282.16,4283.02,170,43,0
2026.06.14 23:10:00,4282.71,4283.98,4282.71,4283.77,223,43,0
2026.06.14 23:11:00,4283.79,4283.88,4282.61,4283.09,175,43,0
2026.06.14 23:12:00,4283.1,4283.73,4282.68,4282.81,179,43,0
2026.06.14 23:13:00,4282.87,4284.37,4282.77,4284.32,144,43,0
2026.06.14 23:14:00,4284.32,4284.35,4282.94,4282.97,166,43,0
2026.06.14 23:15:00,4282.97,4283.1,4281.58,4282.64,177,43,0
2026.06.14 23:16:00,4282.64,4283.36,4282.5,4282.55,214,43,0
2026.06.14 23:17:00,4282.6,4282.82,4281.77,4281.93,195,43,0
2026.06.14 23:18:00,4281.98,4282.27,4281.22,4281.37,209,43,0
2026.06.14 23:19:00,4281.39,4282.7,4281.15,4282.4,224,43,0
2026.06.14 23:20:00,4282.36,4283.6,4282.3,4283.38,222,43,0
2026.06.14 23:21:00,4283.23,4283.65,4282.99,4283.27,145,43,0
2026.06.14 23:22:00,4283.29,4283.42,4282.11,4282.63,182,43,0
2026.06.14 23:23:00,4282.66,4282.66,4281.02,4281.53,161,43,0
2026.06.14 23:24:00,4281.53,4282.94,4281.52,4282.89,149,43,0
2026.06.14 23:25:00,4282.86,4284.45,4282.73,4284.42,183,43,0
2026.06.14 23:26:00,4284.33,4284.41,4282.96,4283.36,165,43,0
2026.06.14 23:27:00,4283.36,4283.85,4282.77,4283.26,144,43,0
2026.06.14 23:28:00,4283.26,4284.69,4283.16,4283.76,148,43,0
2026.06.14 23:29:00,4283.75,4283.84,4282.43,4283.24,120,44,0
2026.06.14 23:30:00,4283.25,4285.26,4283.25,4284.23,168,43,0
2026.06.14 23:31:00,4284.23,4284.34,4282.53,4282.6,156,43,0
2026.06.14 23:32:00,4282.6,4282.99,4281.47,4282.84,165,43,0
2026.06.14 23:33:00,4282.79,4286.05,4282.79,4285.76,169,43,0
2026.06.14 23:34:00,4285.76,4285.76,4283.65,4284.26,174,43,0
2026.06.14 23:35:00,4284.25,4285.08,4283.21,4284.6,143,43,0
2026.06.14 23:36:00,4284.6,4284.79,4284.01,4284.22,100,43,0
2026.06.14 23:37:00,4284.23,4285.38,4284.04,4285.35,129,43,0
2026.06.14 23:38:00,4285.49,4286.01,4285.41,4285.62,123,43,0
2026.06.14 23:39:00,4285.54,4286.01,4285.24,4285.4,137,43,0
2026.06.14 23:40:00,4285.41,4285.41,4283.86,4284.01,104,43,0
2026.06.14 23:41:00,4284.08,4284.08,4282.7,4282.75,141,43,0
2026.06.14 23:42:00,4282.8,4284.13,4282.09,4284.13,173,43,0
2026.06.14 23:43:00,4284.13,4284.79,4283.36,4284.79,149,43,0
2026.06.14 23:44:00,4284.79,4285.48,4284.7,4284.94,156,43,0
2026.06.14 23:45:00,4284.99,4285.93,4284.13,4285.67,254,43,0
2026.06.14 23:46:00,4285.75,4292.18,4285.68,4292.17,322,43,0
2026.06.14 23:47:00,4292.16,4292.48,4291.21,4291.73,289,43,0
2026.06.14 23:48:00,4291.73,4293.12,4291.52,4292.93,257,43,0
2026.06.14 23:49:00,4292.93,4293.97,4292.93,4293.63,182,43,0
2026.06.14 23:50:00,4293.71,4294.42,4291.71,4292.1,261,43,0
2026.06.14 23:51:00,4292.12,4293.73,4292.1,4292.78,235,43,0
2026.06.14 23:52:00,4292.74,4294.43,4292.46,4294.24,188,43,0
2026.06.14 23:53:00,4294.29,4294.29,4292.86,4293.82,196,43,0
2026.06.14 23:54:00,4293.82,4294.37,4292.97,4292.98,194,43,0
2026.06.14 23:55:00,4292.98,4294.28,4292.41,4293.12,240,43,0
2026.06.14 23:56:00,4293.11,4294.35,4293.06,4293.7,233,43,0
2026.06.14 23:57:00,4293.7,4294.56,4293.52,4294.26,199,43,0
2026.06.14 23:58:00,4294.26,4294.93,4294.21,4294.89,176,43,0
2026.06.14 23:59:00,4294.88,4294.93,4293.8,4293.95,247,43,0
2026.06.15 00:00:00,4293.93,4295.6,4293.29,4295.38,326,43,0
2026.06.15 00:01:00,4295.39,4295.39,4294.11,4294.43,279,43,0
2026.06.15 00:02:00,4294.43,4295.26,4294.42,4294.87,233,43,0
2026.06.15 00:03:00,4294.89,4295.49,4294.44,4295.41,245,43,0
2026.06.15 00:04:00,4295.42,4296.11,4294.37,4294.39,260,43,0
2026.06.15 00:05:00,4294.42,4295.96,4294.16,4294.95,223,43,0
2026.06.15 00:06:00,4294.87,4295.05,4293.55,4295.03,299,43,0
2026.06.15 00:07:00,4295.03,4295.81,4294.41,4295.22,225,43,0
2026.06.15 00:08:00,4295.21,4295.86,4294.48,4295.19,223,43,0
2026.06.15 00:09:00,4295.19,4296.54,4295.12,4296.52,205,43,0
2026.06.15 00:10:00,4296.58,4299.06,4296.55,4298.96,342,43,0
2026.06.15 00:11:00,4298.96,4298.96,4296.28,4297.23,261,43,0
2026.06.15 00:12:00,4297.29,4299.5,4296.09,4299.47,276,43,0
2026.06.15 00:13:00,4299.48,4300.99,4299.43,4300.81,242,43,0
2026.06.15 00:14:00,4300.83,4300.9,4298.73,4299.86,275,43,0
2026.06.15 00:15:00,4299.9,4301.09,4299.63,4300.59,300,43,0
2026.06.15 00:16:00,4300.52,4303.5,4299.93,4303.32,338,43,0
2026.06.15 00:17:00,4303.32,4303.34,4300.75,4302.5,265,43,0
2026.06.15 00:18:00,4302.51,4303.12,4302.03,4302.54,269,43,0
2026.06.15 00:19:00,4302.49,4304.08,4301.94,4304.08,241,43,0
2026.06.15 00:20:00,4304.1,4304.37,4303.0,4304.13,234,43,0
2026.06.15 00:21:00,4304.14,4304.36,4301.12,4301.6,218,43,0
2026.06.15 00:22:00,4301.59,4304.22,4301.59,4304.02,278,43,0
2026.06.15 00:23:00,4304.02,4304.57,4303.85,4304.49,262,43,0
2026.06.15 00:24:00,4304.49,4307.6,4303.9,4306.05,266,43,0
2026.06.15 00:25:00,4306.24,4307.48,4305.48,4306.57,312,43,0
2026.06.15 00:26:00,4306.57,4307.25,4305.6,4306.4,239,43,0
2026.06.15 00:27:00,4306.29,4307.96,4303.97,4304.44,287,43,0
2026.06.15 00:28:00,4304.43,4305.89,4303.57,4303.76,229,43,0
2026.06.15 00:29:00,4303.7,4303.71,4300.58,4300.79,270,43,0
2026.06.15 00:30:00,4300.78,4304.35,4300.67,4301.61,290,43,0
2026.06.15 00:31:00,4301.61,4301.61,4295.65,4296.85,317,43,0
2026.06.15 00:32:00,4296.92,4299.44,4296.0,4298.7,235,43,0
2026.06.15 00:33:00,4298.71,4305.52,4298.38,4304.82,305,43,0
2026.06.15 00:34:00,4304.3,4304.34,4302.18,4302.88,217,43,0
2026.06.15 00:35:00,4302.85,4304.58,4302.43,4303.55,174,43,0
2026.06.15 00:36:00,4303.44,4304.66,4302.49,4303.91,207,43,0
2026.06.15 00:37:00,4303.92,4304.74,4302.79,4303.54,220,43,0
2026.06.15 00:38:00,4303.5,4303.56,4297.29,4298.4,286,43,0
2026.06.15 00:39:00,4298.39,4298.91,4296.74,4298.87,210,43,0
2026.06.15 00:40:00,4298.92,4299.99,4298.6,4298.91,198,43,0
2026.06.15 00:41:00,4298.88,4298.91,4295.84,4296.99,321,43,0
2026.06.15 00:42:00,4296.99,4297.06,4295.5,4296.36,276,44,0
2026.06.15 00:43:00,4296.36,4298.05,4296.35,4297.58,298,44,0
2026.06.15 00:44:00,4297.59,4297.81,4296.52,4297.54,243,43,0
2026.06.15 00:45:00,4297.54,4299.86,4296.55,4299.52,323,43,0
2026.06.15 00:46:00,4299.06,4299.41,4297.74,4299.18,233,43,0
2026.06.15 00:47:00,4299.17,4299.32,4296.55,4296.86,218,43,0
2026.06.15 00:48:00,4296.97,4299.48,4296.02,4297.54,284,43,0
2026.06.15 00:49:00,4297.54,4298.08,4296.18,4296.35,192,43,0
2026.06.15 00:50:00,4296.36,4296.88,4293.83,4294.65,252,43,0
2026.06.15 00:51:00,4294.65,4295.59,4293.4,4293.84,204,43,0
2026.06.15 00:52:00,4293.86,4293.96,4292.37,4293.35,207,43,0
2026.06.15 00:53:00,4293.34,4295.35,4293.31,4295.1,210,43,0
2026.06.15 00:54:00,4295.14,4296.49,4294.73,4295.75,241,43,0
2026.06.15 00:55:00,4295.77,4296.14,4292.1,4292.67,238,43,0
2026.06.15 00:56:00,4292.66,4293.97,4292.2,4293.28,223,43,0
2026.06.15 00:57:00,4293.28,4294.44,4292.89,4293.99,203,43,0
2026.06.15 00:58:00,4293.95,4294.32,4292.69,4292.76,218,43,0
2026.06.15 00:59:00,4292.51,4293.48,4291.55,4292.52,262,43,0
2026.06.15 01:00:00,4292.52,4294.64,4285.47,4290.46,499,43,0
2026.06.15 01:01:00,4290.44,4295.09,4288.49,4293.61,460,43,0
2026.06.15 01:02:00,4293.61,4300.2,4293.45,4297.77,425,43,0
2026.06.15 01:03:00,4297.65,4297.65,4288.09,4288.58,472,43,0
2026.06.15 01:04:00,4288.47,4297.23,4287.9,4291.62,477,43,0
2026.06.15 01:05:00,4291.26,4292.75,4288.65,4289.46,434,43,0
2026.06.15 01:06:00,4289.47,4292.46,4288.13,4291.06,425,43,0
2026.06.15 01:07:00,4291.01,4296.27,4291.01,4293.33,413,43,0
2026.06.15 01:08:00,4293.21,4295.27,4290.54,4291.27,411,43,0
2026.06.15 01:09:00,4291.26,4291.32,4288.28,4289.33,401,43,0
2026.06.15 01:10:00,4289.32,4293.49,4289.31,4292.83,410,43,0
2026.06.15 01:11:00,4292.8,4295.54,4291.52,4293.59,397,43,0
2026.06.15 01:12:00,4293.55,4294.15,4291.69,4292.99,340,43,0
2026.06.15 01:13:00,4293.0,4295.13,4292.68,4293.16,335,43,0
2026.06.15 01:14:00,4293.15,4297.1,4293.15,4296.15,341,43,0
2026.06.15 01:15:00,4296.15,4296.19,4289.6,4289.67,373,43,0
2026.06.15 01:16:00,4289.41,4295.34,4289.41,4294.79,343,43,0
2026.06.15 01:17:00,4295.16,4295.69,4292.53,4292.68,325,43,0
2026.06.15 01:18:00,4292.81,4295.13,4290.96,4294.76,336,43,0
2026.06.15 01:19:00,4294.79,4294.79,4292.63,4292.86,283,43,0
2026.06.15 01:20:00,4292.88,4298.0,4292.88,4297.82,333,43,0
2026.06.15 01:21:00,4297.82,4301.11,4295.67,4301.11,347,43,0
2026.06.15 01:22:00,4301.1,4305.07,4300.28,4304.35,413,43,0
2026.06.15 01:23:00,4304.35,4304.57,4301.34,4304.57,344,43,0
2026.06.15 01:24:00,4304.73,4306.35,4302.41,4302.47,398,43,0
2026.06.15 01:25:00,4302.51,4303.24,4296.81,4299.46,419,43,0
2026.06.15 01:26:00,4299.45,4301.09,4299.02,4300.06,365,43,0
2026.06.15 01:27:00,4300.05,4302.04,4298.66,4302.01,333,43,0
2026.06.15 01:28:00,4302.0,4303.16,4301.33,4302.64,314,43,0
2026.06.15 01:29:00,4302.62,4304.57,4302.51,4303.34,349,43,0
2026.06.15 01:30:00,4303.35,4304.23,4301.16,4303.06,374,43,0
2026.06.15 01:31:00,4303.11,4306.78,4302.05,4306.78,329,43,0
2026.06.15 01:32:00,4306.79,4310.36,4305.88,4309.01,368,43,0
2026.06.15 01:33:00,4309.04,4312.22,4308.56,4311.78,358,43,0
2026.06.15 01:34:00,4311.78,4315.53,4311.64,4312.63,417,43,0
2026.06.15 01:35:00,4312.64,4315.34,4312.02,4313.14,401,44,0
2026.06.15 01:36:00,4313.08,4313.15,4308.42,4311.59,418,44,0
2026.06.15 01:37:00,4311.59,4314.76,4311.45,4314.55,394,43,0
2026.06.15 01:38:00,4314.55,4316.64,4313.03,4313.53,380,43,0
2026.06.15 01:39:00,4313.53,4315.82,4312.69,4315.57,311,43,0
2026.06.15 01:40:00,4315.6,4318.23,4314.62,4317.68,344,43,0
2026.06.15 01:41:00,4317.29,4318.83,4315.28,4316.75,330,43,0
2026.06.15 01:42:00,4316.81,4318.38,4315.72,4317.76,284,43,0
2026.06.15 01:43:00,4317.8,4319.54,4317.03,4317.07,339,43,0
2026.06.15 01:44:00,4317.06,4318.54,4315.69,4317.66,367,43,0
2026.06.15 01:45:00,4317.66,4317.73,4315.76,4316.52,277,43,0
2026.06.15 01:46:00,4316.5,4317.16,4314.83,4315.55,328,43,0
2026.06.15 01:47:00,4315.86,4316.56,4313.79,4315.41,311,43,0
2026.06.15 01:48:00,4315.41,4315.66,4313.13,4313.91,306,43,0
2026.06.15 01:49:00,4313.92,4317.75,4313.47,4317.48,284,43,0
2026.06.15 01:50:00,4317.45,4317.58,4315.02,4315.59,307,43,0
2026.06.15 01:51:00,4315.55,4318.04,4315.44,4317.6,278,43,0
2026.06.15 01:52:00,4317.65,4318.91,4316.57,4318.14,317,43,0
2026.06.15 01:53:00,4318.12,4318.83,4317.35,4318.34,314,43,0
2026.06.15 01:54:00,4318.33,4318.5,4315.7,4316.05,286,43,0
2026.06.15 01:55:00,4316.02,4317.87,4315.87,4317.6,299,43,0
2026.06.15 01:56:00,4317.61,4317.8,4315.63,4317.02,285,43,0
2026.06.15 01:57:00,4317.02,4318.92,4316.76,4317.71,283,43,0
2026.06.15 01:58:00,4317.54,4317.54,4315.28,4316.34,314,43,0
2026.06.15 01:59:00,4316.33,4317.34,4315.87,4316.67,311,43,0
2026.06.15 02:00:00,4316.52,4319.99,4315.98,4319.76,311,43,0
2026.06.15 02:01:00,4319.79,4321.38,4319.79,4320.65,276,43,0
2026.06.15 02:02:00,4320.58,4321.47,4319.85,4321.25,304,43,0
2026.06.15 02:03:00,4321.26,4324.17,4321.26,4322.81,351,43,0
2026.06.15 02:04:00,4322.81,4323.72,4321.14,4322.18,292,43,0
2026.06.15 02:05:00,4322.24,4324.57,4322.24,4324.18,277,43,0
2026.06.15 02:06:00,4324.18,4324.52,4322.06,4323.15,296,43,0
2026.06.15 02:07:00,4323.18,4324.38,4322.87,4323.7,262,43,0
2026.06.15 02:08:00,4323.78,4324.12,4322.9,4323.29,255,43,0
2026.06.15 02:09:00,4323.29,4323.89,4321.31,4321.42,271,43,0
2026.06.15 02:10:00,4321.44,4321.82,4320.01,4320.34,336,43,0
2026.06.15 02:11:00,4320.36,4322.25,4320.16,4321.99,302,43,0
2026.06.15 02:12:00,4321.99,4323.9,4321.82,4323.51,287,43,0
2026.06.15 02:13:00,4323.5,4326.07,4323.5,4324.24,310,43,0
2026.06.15 02:14:00,4324.28,4326.55,4323.94,4326.39,309,43,0
2026.06.15 02:15:00,4326.41,4327.27,4325.94,4327.0,208,43,0
2026.06.15 02:16:00,4327.03,4328.53,4326.64,4328.17,286,43,0
2026.06.15 02:17:00,4328.12,4328.36,4326.86,4328.16,186,43,0
2026.06.15 02:18:00,4328.16,4328.18,4324.75,4324.86,214,43,0
2026.06.15 02:19:00,4324.82,4325.91,4324.18,4325.06,211,43,0
2026.06.15 02:20:00,4325.22,4328.56,4325.19,4327.22,235,43,0
2026.06.15 02:21:00,4327.2,4329.92,4326.63,4327.38,257,43,0
2026.06.15 02:22:00,4327.4,4328.23,4325.92,4327.13,246,43,0
2026.06.15 02:23:00,4327.13,4328.96,4326.78,4328.96,187,43,0
2026.06.15 02:24:00,4328.97,4330.98,4328.94,4329.24,260,43,0
2026.06.15 02:25:00,4329.25,4330.88,4328.28,4328.59,204,43,0
2026.06.15 02:26:00,4328.61,4329.49,4327.65,4329.18,227,43,0
2026.06.15 02:27:00,4329.15,4329.19,4327.06,4327.26,179,43,0
2026.06.15 02:28:00,4327.3,4328.15,4327.12,4327.61,160,43,0
2026.06.15 02:29:00,4327.52,4328.1,4326.8,4327.98,206,43,0
2026.06.15 02:30:00,4327.99,4331.49,4327.65,4330.1,353,43,0
2026.06.15 02:31:00,4330.1,4331.87,4330.03,4331.21,267,43,0
2026.06.15 02:32:00,4331.15,4331.87,4330.07,4331.59,251,43,0
2026.06.15 02:33:00,4331.56,4331.6,4329.24,4330.22,265,43,0
2026.06.15 02:34:00,4330.22,4330.47,4329.53,4329.65,250,43,0
2026.06.15 02:35:00,4329.57,4330.06,4328.54,4329.96,217,43,0
2026.06.15 02:36:00,4329.96,4331.63,4329.96,4330.9,286,43,0
2026.06.15 02:37:00,4330.89,4331.65,4330.0,4331.35,251,43,0
2026.06.15 02:38:00,4331.39,4334.14,4330.8,4333.8,303,43,0
2026.06.15 02:39:00,4333.81,4333.81,4332.23,4332.75,241,43,0
2026.06.15 02:40:00,4332.75,4332.75,4330.91,4331.39,244,43,0
2026.06.15 02:41:00,4331.4,4332.87,4328.28,4329.59,318,43,0
2026.06.15 02:42:00,4329.47,4329.89,4328.05,4329.29,296,43,0
2026.06.15 02:43:00,4329.3,4332.59,4329.03,4332.05,293,43,0
2026.06.15 02:44:00,4332.0,4332.41,4329.47,4330.01,248,43,0
2026.06.15 02:45:00,4330.07,4330.16,4329.37,4330.01,202,43,0
2026.06.15 02:46:00,4330.01,4331.97,4329.47,4331.74,261,43,0
2026.06.15 02:47:00,4331.75,4334.26,4331.3,4332.84,311,43,0
2026.06.15 02:48:00,4332.84,4334.69,4332.07,4332.17,270,43,0
2026.06.15 02:49:00,4332.17,4334.4,4332.17,4334.35,277,43,0
2026.06.15 02:50:00,4334.36,4335.25,4333.46,4333.89,269,43,0
2026.06.15 02:51:00,4333.88,4334.05,4331.76,4332.67,260,43,0
2026.06.15 02:52:00,4332.7,4333.17,4331.74,4332.02,235,43,0
2026.06.15 02:53:00,4332.0,4332.09,4327.77,4329.75,349,43,0
2026.06.15 02:54:00,4329.73,4331.41,4329.49,4329.91,256,43,0
2026.06.15 02:55:00,4329.93,4330.74,4329.43,4329.89,193,43,0
2026.06.15 02:56:00,4329.91,4330.02,4328.97,4329.07,206,43,0
2026.06.15 02:57:00,4329.05,4330.7,4328.42,4328.59,237,43,0
2026.06.15 02:58:00,4328.62,4329.0,4327.87,4328.61,227,43,0
2026.06.15 02:59:00,4328.59,4329.86,4328.41,4329.45,239,43,0
2026.06.15 03:00:00,4329.43,4330.98,4328.7,4330.28,222,43,0
2026.06.15 03:01:00,4330.28,4331.07,4328.62,4330.33,260,43,0
2026.06.15 03:02:00,4330.44,4330.64,4327.24,4327.28,327,43,0
2026.06.15 03:03:00,4327.31,4328.0,4325.62,4325.62,306,43,0
2026.06.15 03:04:00,4325.64,4326.64,4325.35,4326.39,251,43,0
2026.06.15 03:05:00,4326.54,4328.2,4325.41,4325.5,316,43,0
2026.06.15 03:06:00,4325.51,4326.02,4323.73,4324.11,285,43,0
2026.06.15 03:07:00,4324.11,4325.38,4322.92,4325.38,306,43,0
2026.06.15 03:08:00,4325.38,4325.4,4321.81,4322.39,297,43,0
2026.06.15 03:09:00,4322.39,4323.77,4322.21,4323.58,247,43,0
2026.06.15 03:10:00,4323.59,4324.08,4322.77,4322.8,234,43,0
2026.06.15 03:11:00,4322.95,4324.27,4322.4,4324.18,214,43,0
2026.06.15 03:12:00,4324.17,4325.44,4323.19,4323.88,243,43,0
2026.06.15 03:13:00,4323.87,4325.44,4323.77,4324.38,249,43,0
2026.06.15 03:14:00,4324.37,4325.52,4324.16,4325.18,170,43,0
2026.06.15 03:15:00,4325.17,4326.26,4324.23,4326.05,219,43,0
2026.06.15 03:16:00,4325.98,4325.99,4324.74,4325.32,218,43,0
2026.06.15 03:17:00,4325.31,4327.75,4325.3,4327.52,294,43,0
2026.06.15 03:18:00,4327.52,4329.01,4326.9,4328.15,296,43,0
2026.06.15 03:19:00,4328.17,4328.21,4326.36,4326.73,275,43,0
2026.06.15 03:20:00,4326.73,4327.05,4325.74,4325.74,204,43,0
2026.06.15 03:21:00,4325.73,4325.73,4323.91,4324.23,272,43,0
2026.06.15 03:22:00,4324.23,4326.06,4323.9,4325.4,261,43,0
2026.06.15 03:23:00,4325.4,4325.92,4324.02,4324.09,242,43,0
2026.06.15 03:24:00,4324.09,4325.29,4324.02,4325.06,237,43,0
2026.06.15 03:25:00,4325.11,4325.24,4323.51,4323.57,212,43,0
2026.06.15 03:26:00,4323.47,4324.59,4321.9,4323.77,241,43,0
2026.06.15 03:27:00,4323.81,4323.97,4321.81,4321.93,251,43,0
2026.06.15 03:28:00,4321.95,4322.67,4321.23,4322.37,256,43,0
2026.06.15 03:29:00,4322.33,4324.97,4321.73,4323.89,271,43,0
2026.06.15 03:30:00,4324.06,4326.26,4323.36,4325.61,347,43,0
2026.06.15 03:31:00,4325.62,4326.95,4325.44,4325.95,238,43,0
2026.06.15 03:32:00,4325.7,4326.11,4325.19,4325.67,161,43,0
2026.06.15 03:33:00,4325.67,4326.14,4325.08,4325.64,161,43,0
2026.06.15 03:34:00,4325.59,4326.37,4325.16,4326.14,162,43,0
2026.06.15 03:35:00,4326.05,4327.22,4325.52,4326.79,164,43,0
2026.06.15 03:36:00,4326.8,4327.2,4325.48,4325.68,211,43,0
2026.06.15 03:37:00,4325.6,4325.6,4324.49,4324.63,181,43,0
2026.06.15 03:38:00,4324.61,4325.71,4324.61,4325.63,188,43,0
2026.06.15 03:39:00,4325.76,4326.89,4324.38,4324.38,199,43,0
2026.06.15 03:40:00,4324.44,4324.48,4323.59,4323.96,135,43,0
2026.06.15 03:41:00,4323.9,4324.33,4323.53,4323.53,155,43,0
2026.06.15 03:42:00,4323.54,4324.5,4323.39,4323.44,140,43,0
2026.06.15 03:43:00,4323.46,4323.65,4321.23,4322.33,240,43,0
2026.06.15 03:44:00,4322.33,4324.07,4322.33,4323.25,146,43,0
2026.06.15 03:45:00,4323.26,4325.3,4322.81,4325.02,163,43,0
2026.06.15 03:46:00,4325.28,4325.66,4324.49,4324.54,179,43,0
2026.06.15 03:47:00,4324.55,4325.83,4324.43,4325.77,129,43,0
2026.06.15 03:48:00,4325.77,4326.66,4325.4,4326.57,126,43,0
2026.06.15 03:49:00,4326.66,4327.35,4325.88,4326.09,172,43,0
2026.06.15 03:50:00,4326.03,4326.04,4324.62,4325.35,162,43,0
2026.06.15 03:51:00,4325.36,4326.1,4325.13,4325.74,121,43,0
2026.06.15 03:52:00,4325.73,4326.14,4325.51,4325.8,63,43,0
2026.06.15 03:53:00,4325.79,4326.14,4325.6,4325.6,133,43,0
2026.06.15 03:54:00,4325.55,4325.88,4325.19,4325.22,89,43,0
2026.06.15 03:55:00,4325.14,4325.42,4324.17,4325.36,163,43,0
2026.06.15 03:56:00,4325.38,4325.88,4325.38,4325.69,133,43,0
2026.06.15 03:57:00,4325.66,4325.77,4323.56,4323.71,184,43,0
2026.06.15 03:58:00,4323.71,4324.69,4323.63,4324.5,183,43,0
2026.06.15 03:59:00,4324.5,4324.93,4324.33,4324.84,140,43,0
2026.06.15 04:00:00,4324.84,4325.86,4324.82,4325.81,155,43,0
2026.06.15 04:01:00,4325.79,4327.47,4324.78,4325.29,207,43,0
2026.06.15 04:02:00,4325.27,4325.27,4323.12,4323.14,191,43,0
2026.06.15 04:03:00,4323.23,4324.42,4322.64,4323.8,201,43,0
2026.06.15 04:04:00,4323.78,4324.37,4323.1,4323.18,176,43,0
2026.06.15 04:05:00,4323.18,4323.94,4323.03,4323.79,157,43,0
2026.06.15 04:06:00,4323.77,4325.55,4323.66,4325.49,152,43,0
2026.06.15 04:07:00,4325.49,4326.05,4325.04,4325.17,163,43,0
2026.06.15 04:08:00,4325.16,4325.16,4324.56,4324.59,118,43,0
2026.06.15 04:09:00,4324.58,4325.12,4324.02,4324.05,141,43,0
2026.06.15 04:10:00,4324.05,4324.87,4323.98,4324.82,132,43,0
2026.06.15 04:11:00,4324.82,4325.6,4324.82,4325.44,147,43,0
2026.06.15 04:12:00,4325.44,4325.99,4325.24,4325.27,115,43,0
2026.06.15 04:13:00,4325.35,4325.92,4325.18,4325.66,125,43,0
2026.06.15 04:14:00,4325.68,4326.34,4325.23,4326.3,101,43,0
2026.06.15 04:15:00,4326.29,4327.18,4326.08,4326.84,174,43,0
2026.06.15 04:16:00,4326.84,4326.93,4325.74,4325.98,173,43,0
2026.06.15 04:17:00,4325.95,4326.56,4322.95,4324.23,205,43,0
2026.06.15 04:18:00,4324.38,4325.3,4324.14,4325.3,195,43,0
2026.06.15 04:19:00,4325.16,4325.4,4322.56,4324.03,200,43,0
2026.06.15 04:20:00,4323.98,4325.09,4323.71,4324.59,213,43,0
2026.06.15 04:21:00,4324.56,4325.13,4322.55,4322.79,199,43,0
2026.06.15 04:22:00,4322.64,4322.89,4320.69,4322.36,227,43,0
2026.06.15 04:23:00,4322.37,4322.83,4322.07,4322.45,205,43,0
2026.06.15 04:24:00,4322.42,4322.85,4321.71,4322.36,176,43,0
2026.06.15 04:25:00,4322.36,4324.37,4322.28,4323.84,206,43,0
2026.06.15 04:26:00,4323.84,4325.18,4323.84,4324.94,138,43,0
2026.06.15 04:27:00,4324.96,4326.46,4324.84,4326.42,177,43,0
2026.06.15 04:28:00,4326.45,4327.54,4326.23,4326.97,165,43,0
2026.06.15 04:29:00,4326.96,4327.53,4326.1,4326.92,190,43,0
2026.06.15 04:30:00,4326.94,4327.27,4326.03,4326.53,127,43,0
2026.06.15 04:31:00,4326.56,4326.56,4325.36,4325.85,187,43,0
2026.06.15 04:32:00,4325.79,4326.08,4325.21,4325.91,115,43,0
2026.06.15 04:33:00,4325.91,4327.31,4325.88,4327.31,187,43,0
2026.06.15 04:34:00,4327.31,4329.15,4327.13,4328.38,166,43,0
2026.06.15 04:35:00,4328.4,4330.47,4327.98,4329.6,195,43,0
2026.06.15 04:36:00,4329.6,4329.6,4328.45,4328.65,169,43,0
2026.06.15 04:37:00,4328.65,4328.77,4327.52,4327.54,134,43,0
2026.06.15 04:38:00,4327.53,4327.91,4327.0,4327.03,113,43,0
2026.06.15 04:39:00,4327.03,4328.05,4326.94,4327.76,132,43,0
2026.06.15 04:40:00,4327.76,4327.9,4327.29,4327.55,132,43,0
2026.06.15 04:41:00,4327.55,4327.66,4326.54,4327.01,158,43,0
2026.06.15 04:42:00,4326.99,4328.58,4326.98,4328.44,144,43,0
2026.06.15 04:43:00,4328.42,4328.63,4327.1,4327.58,122,44,0
2026.06.15 04:44:00,4327.57,4327.94,4327.47,4327.72,130,43,0
2026.06.15 04:45:00,4327.74,4328.26,4327.51,4327.72,195,43,0
2026.06.15 04:46:00,4327.72,4328.29,4327.6,4328.26,153,43,0
2026.06.15 04:47:00,4328.24,4329.03,4328.23,4328.52,164,43,0
2026.06.15 04:48:00,4328.56,4328.8,4328.07,4328.8,123,43,0
2026.06.15 04:49:00,4328.76,4329.14,4327.88,4327.89,125,43,0
2026.06.15 04:50:00,4327.89,4328.13,4327.38,4327.53,110,43,0
2026.06.15 04:51:00,4327.57,4327.95,4327.18,4327.3,160,43,0
2026.06.15 04:52:00,4327.28,4328.13,4327.05,4327.57,141,43,0
2026.06.15 04:53:00,4327.56,4327.77,4326.7,4326.77,159,43,0
2026.06.15 04:54:00,4326.78,4327.13,4326.58,4326.69,149,43,0
2026.06.15 04:55:00,4326.7,4327.86,4326.46,4327.24,153,43,0
2026.06.15 04:56:00,4327.23,4327.84,4326.87,4327.09,144,43,0
2026.06.15 04:57:00,4327.08,4328.34,4327.08,4327.97,157,43,0
2026.06.15 04:58:00,4327.98,4328.46,4327.84,4327.96,116,43,0
2026.06.15 04:59:00,4327.95,4328.22,4327.68,4328.08,122,43,0
2026.06.15 05:00:00,4327.9,4329.92,4327.74,4329.32,191,43,0
2026.06.15 05:01:00,4329.21,4329.35,4328.36,4328.85,192,43,0
2026.06.15 05:02:00,4328.84,4329.56,4328.58,4328.84,199,43,0
2026.06.15 05:03:00,4328.84,4328.86,4327.66,4327.76,154,43,0
2026.06.15 05:04:00,4327.77,4328.13,4327.16,4328.04,152,43,0
2026.06.15 05:05:00,4328.05,4328.05,4326.05,4326.08,215,43,0
2026.06.15 05:06:00,4326.08,4326.3,4323.99,4323.99,197,43,0
2026.06.15 05:07:00,4323.96,4325.47,4323.83,4325.47,248,43,0
2026.06.15 05:08:00,4325.47,4327.28,4325.1,4326.76,340,43,0
2026.06.15 05:09:00,4326.76,4329.38,4326.74,4328.73,172,43,0
2026.06.15 05:10:00,4328.73,4329.77,4328.29,4328.89,206,43,0
2026.06.15 05:11:00,4328.89,4329.28,4328.39,4328.88,182,43,0
2026.06.15 05:12:00,4328.9,4330.78,4328.78,4329.88,200,43,0
2026.06.15 05:13:00,4329.93,4330.63,4328.54,4329.19,254,43,0
2026.06.15 05:14:00,4329.41,4329.5,4328.66,4328.67,167,43,0
2026.06.15 05:15:00,4328.67,4329.88,4327.85,4327.98,180,43,0
2026.06.15 05:16:00,4327.99,4328.53,4325.9,4325.94,213,43,0
2026.06.15 05:17:00,4325.99,4327.89,4325.86,4327.3,213,43,0
2026.06.15 05:18:00,4327.3,4328.02,4327.3,4327.76,186,43,0
2026.06.15 05:19:00,4327.77,4328.34,4326.94,4328.02,210,43,0
2026.06.15 05:20:00,4328.0,4328.86,4327.91,4328.62,155,43,0
2026.06.15 05:21:00,4328.62,4331.9,4328.52,4331.71,222,43,0
2026.06.15 05:22:00,4331.71,4332.78,4331.65,4332.78,214,43,0
2026.06.15 05:23:00,4332.77,4332.87,4331.27,4331.51,189,43,0
2026.06.15 05:24:00,4331.48,4331.51,4330.42,4330.42,174,43,0
2026.06.15 05:25:00,4330.43,4331.4,4330.24,4331.39,182,43,0
2026.06.15 05:26:00,4331.39,4331.82,4330.1,4331.08,200,43,0
2026.06.15 05:27:00,4331.07,4331.07,4327.76,4329.13,157,43,0
2026.06.15 05:28:00,4329.16,4330.57,4328.66,4329.01,165,43,0
2026.06.15 05:29:00,4329.01,4330.2,4328.99,4330.15,154,43,0
2026.06.15 05:30:00,4330.14,4332.49,4329.46,4329.91,294,43,0
2026.06.15 05:31:00,4329.89,4330.88,4329.35,4329.55,274,43,0
2026.06.15 05:32:00,4329.58,4329.64,4326.91,4327.68,306,43,0
2026.06.15 05:33:00,4327.68,4327.68,4324.94,4325.14,313,43,0
2026.06.15 05:34:00,4325.11,4327.34,4324.79,4327.32,249,43,0
2026.06.15 05:35:00,4327.33,4328.04,4324.1,4325.28,428,43,0
2026.06.15 05:36:00,4325.26,4325.82,4321.57,4321.69,466,43,0
2026.06.15 05:37:00,4321.71,4323.19,4319.47,4320.35,413,43,0
2026.06.15 05:38:00,4320.35,4322.65,4320.07,4321.36,440,43,0
2026.06.15 05:39:00,4321.41,4322.65,4321.02,4321.02,317,43,0
2026.06.15 05:40:00,4321.03,4321.13,4320.32,4320.76,185,43,0
2026.06.15 05:41:00,4320.8,4321.16,4318.99,4319.2,172,43,0
2026.06.15 05:42:00,4319.14,4319.75,4317.15,4317.32,185,43,0
2026.06.15 05:43:00,4317.4,4317.72,4315.24,4315.39,208,43,0
2026.06.15 05:44:00,4315.3,4316.14,4312.58,4312.6,229,43,0
2026.06.15 05:45:00,4312.7,4313.14,4309.47,4312.33,245,43,0
2026.06.15 05:46:00,4312.36,4314.69,4311.94,4314.34,232,43,0
2026.06.15 05:47:00,4314.36,4316.15,4313.91,4314.94,176,43,0
2026.06.15 05:48:00,4314.93,4315.77,4314.67,4315.31,146,43,0
2026.06.15 05:49:00,4315.36,4315.94,4313.44,4313.89,175,43,0
2026.06.15 05:50:00,4313.85,4314.62,4312.97,4312.99,166,43,0
2026.06.15 05:51:00,4312.94,4312.94,4309.43,4310.26,211,43,0
2026.06.15 05:52:00,4310.26,4311.58,4308.08,4311.27,224,43,0
2026.06.15 05:53:00,4311.22,4312.69,4310.89,4312.69,196,43,0
2026.06.15 05:54:00,4312.66,4312.99,4309.8,4310.36,161,43,0
2026.06.15 05:55:00,4310.33,4310.43,4308.12,4308.21,177,43,0
2026.06.15 05:56:00,4308.26,4309.82,4307.39,4309.82,236,43,0
2026.06.15 05:57:00,4309.79,4310.45,4308.73,4310.18,182,43,0
2026.06.15 05:58:00,4310.16,4311.45,4310.06,4310.96,182,43,0
2026.06.15 05:59:00,4311.07,4311.51,4309.79,4309.92,142,43,0
2026.06.15 06:00:00,4309.9,4311.48,4309.5,4310.78,175,43,0
2026.06.15 06:01:00,4310.91,4312.4,4309.89,4312.13,168,43,0
2026.06.15 06:02:00,4312.15,4312.67,4311.07,4311.74,172,43,0
2026.06.15 06:03:00,4311.66,4312.24,4310.4,4311.85,193,43,0
2026.06.15 06:04:00,4311.9,4312.54,4311.14,4311.84,185,43,0
2026.06.15 06:05:00,4311.81,4312.36,4310.04,4312.18,177,43,0
2026.06.15 06:06:00,4312.13,4313.28,4309.43,4310.15,181,43,0
2026.06.15 06:07:00,4310.19,4310.19,4308.14,4309.18,177,43,0
2026.06.15 06:08:00,4309.33,4310.03,4303.69,4306.19,196,43,0
2026.06.15 06:09:00,4305.93,4306.52,4303.82,4305.13,187,43,0
2026.06.15 06:10:00,4305.16,4306.35,4302.84,4305.48,176,43,0
2026.06.15 06:11:00,4305.99,4306.81,4304.33,4306.11,203,43,0
2026.06.15 06:12:00,4306.12,4306.63,4304.86,4305.5,200,43,0
2026.06.15 06:13:00,4305.59,4307.59,4305.59,4306.99,176,43,0
2026.06.15 06:14:00,4307.19,4308.74,4307.14,4308.71,167,43,0
2026.06.15 06:15:00,4308.72,4309.25,4308.09,4308.09,173,43,0
2026.06.15 06:16:00,4308.04,4308.65,4305.03,4306.19,179,43,0
2026.06.15 06:17:00,4306.69,4307.23,4305.47,4306.28,187,43,0
2026.06.15 06:18:00,4306.31,4306.59,4304.92,4305.15,166,43,0
2026.06.15 06:19:00,4305.18,4305.45,4303.69,4304.53,183,43,0
2026.06.15 06:20:00,4304.55,4306.29,4304.18,4304.39,183,43,0
2026.06.15 06:21:00,4304.47,4305.03,4302.95,4304.97,153,43,0
2026.06.15 06:22:00,4304.9,4308.09,4304.83,4307.31,160,43,0
2026.06.15 06:23:00,4307.37,4307.41,4304.78,4305.87,171,43,0
2026.06.15 06:24:00,4305.93,4307.3,4305.46,4307.09,217,43,0
2026.06.15 06:25:00,4307.05,4309.25,4307.05,4308.59,170,43,0
2026.06.15 06:26:00,4308.57,4308.88,4307.58,4308.22,168,43,0
2026.06.15 06:27:00,4308.24,4308.72,4306.98,4307.13,167,43,0
2026.06.15 06:28:00,4307.2,4307.54,4305.42,4305.42,170,43,0
2026.06.15 06:29:00,4305.43,4305.95,4303.55,4304.74,179,43,0
2026.06.15 06:30:00,4304.87,4305.68,4303.58,4303.96,175,43,0
2026.06.15 06:31:00,4304.08,4305.09,4302.8,4305.01,169,43,0
2026.06.15 06:32:00,4304.88,4305.21,4303.7,4303.98,169,43,0
2026.06.15 06:33:00,4304.29,4306.79,4304.1,4305.99,181,43,0
2026.06.15 06:34:00,4306.03,4306.94,4305.25,4306.22,154,43,0
2026.06.15 06:35:00,4306.45,4306.93,4304.4,4305.25,178,43,0
2026.06.15 06:36:00,4305.3,4306.58,4305.0,4306.13,174,43,0
2026.06.15 06:37:00,4306.09,4306.69,4305.09,4305.33,170,43,0
2026.06.15 06:38:00,4305.4,4305.48,4303.29,4303.86,179,43,0
2026.06.15 06:39:00,4303.94,4304.32,4302.55,4302.98,216,43,0
2026.06.15 06:40:00,4302.67,4303.48,4302.12,4303.48,199,43,0
2026.06.15 06:41:00,4303.35,4304.28,4301.15,4301.67,189,43,0
2026.06.15 06:42:00,4301.68,4303.79,4300.83,4303.11,202,43,0
2026.06.15 06:43:00,4303.1,4306.49,4303.09,4306.49,187,43,0
2026.06.15 06:44:00,4306.5,4306.66,4305.15,4306.34,186,43,0
2026.06.15 06:45:00,4306.32,4307.68,4306.29,4306.51,148,43,0
2026.06.15 06:46:00,4306.49,4307.13,4305.44,4305.44,180,43,0
2026.06.15 06:47:00,4305.46,4305.84,4304.08,4304.89,177,43,0
2026.06.15 06:48:00,4305.06,4306.76,4305.06,4306.42,148,43,0
2026.06.15 06:49:00,4306.44,4307.67,4306.22,4307.47,142,43,0
2026.06.15 06:50:00,4307.42,4307.86,4305.11,4306.03,166,43,0
2026.06.15 06:51:00,4305.99,4306.94,4305.79,4306.93,152,43,0
2026.06.15 06:52:00,4306.94,4307.58,4306.76,4307.36,183,43,0
2026.06.15 06:53:00,4307.33,4307.72,4306.34,4307.3,194,43,0
2026.06.15 06:54:00,4307.25,4307.93,4306.9,4307.47,178,43,0
2026.06.15 06:55:00,4307.39,4308.57,4306.93,4308.03,174,43,0
2026.06.15 06:56:00,4308.02,4309.36,4307.64,4309.21,159,43,0
2026.06.15 06:57:00,4309.23,4309.53,4308.91,4309.28,184,43,0
2026.06.15 06:58:00,4309.19,4309.68,4308.39,4308.39,125,43,0
2026.06.15 06:59:00,4308.41,4308.63,4307.68,4308.01,152,43,0
2026.06.15 07:00:00,4308.03,4308.61,4305.27,4306.41,180,35,0
2026.06.15 07:01:00,4306.61,4308.35,4306.21,4306.45,150,35,0
2026.06.15 07:02:00,4306.47,4307.06,4305.84,4305.96,153,35,0
2026.06.15 07:03:00,4306.19,4307.81,4305.78,4306.45,161,35,0
2026.06.15 07:04:00,4306.59,4310.67,4306.58,4310.38,161,35,0
2026.06.15 07:05:00,4310.34,4310.59,4309.04,4309.62,162,35,0
2026.06.15 07:06:00,4309.35,4309.87,4307.76,4309.04,160,35,0
2026.06.15 07:07:00,4308.81,4311.75,4308.78,4311.59,158,35,0
2026.06.15 07:08:00,4311.54,4312.96,4310.76,4312.96,142,35,0
2026.06.15 07:09:00,4312.93,4312.93,4311.96,4312.55,157,35,0
2026.06.15 07:10:00,4312.49,4313.18,4311.62,4311.92,162,35,0
2026.06.15 07:11:00,4311.96,4312.07,4310.05,4310.47,160,35,0
2026.06.15 07:12:00,4310.59,4312.95,4310.5,4312.53,145,35,0
2026.06.15 07:13:00,4312.52,4313.39,4312.15,4313.19,139,35,0
2026.06.15 07:14:00,4313.17,4314.11,4312.31,4313.52,161,35,0
2026.06.15 07:15:00,4313.54,4314.04,4313.1,4313.56,163,35,0
2026.06.15 07:16:00,4313.52,4314.56,4313.49,4314.31,154,35,0
2026.06.15 07:17:00,4314.3,4314.3,4313.38,4314.12,149,35,0
2026.06.15 07:18:00,4314.11,4315.21,4314.07,4315.01,156,35,0
2026.06.15 07:19:00,4315.02,4315.02,4313.5,4314.28,145,35,0
2026.06.15 07:20:00,4314.27,4315.07,4313.15,4315.04,154,35,0
2026.06.15 07:21:00,4314.98,4317.69,4314.98,4317.65,145,35,0
2026.06.15 07:22:00,4317.63,4318.65,4317.29,4318.35,154,35,0
2026.06.15 07:23:00,4318.28,4318.62,4316.78,4318.2,162,35,0
2026.06.15 07:24:00,4317.88,4318.7,4315.51,4316.33,150,35,0
2026.06.15 07:25:00,4316.44,4316.89,4315.46,4316.85,156,35,0
2026.06.15 07:26:00,4316.68,4317.56,4316.64,4316.95,133,35,0
2026.06.15 07:27:00,4316.99,4318.13,4316.84,4317.22,165,35,0
2026.06.15 07:28:00,4317.38,4317.64,4316.77,4317.07,150,35,0
2026.06.15 07:29:00,4316.71,4316.92,4316.25,4316.63,143,35,0
2026.06.15 07:30:00,4316.65,4316.96,4315.45,4315.74,177,35,0
2026.06.15 07:31:00,4315.63,4316.77,4315.45,4316.26,173,35,0
2026.06.15 07:32:00,4316.21,4316.3,4313.22,4313.74,162,35,0
2026.06.15 07:33:00,4313.77,4315.0,4313.4,4314.56,168,35,0
2026.06.15 07:34:00,4314.58,4314.58,4312.54,4314.04,171,35,0
2026.06.15 07:35:00,4314.06,4315.01,4313.24,4314.56,148,35,0
2026.06.15 07:36:00,4314.6,4314.8,4313.0,4313.7,168,35,0
2026.06.15 07:37:00,4313.68,4313.68,4311.93,4312.05,156,35,0
2026.06.15 07:38:00,4312.06,4314.97,4311.86,4314.65,162,35,0
2026.06.15 07:39:00,4314.7,4316.4,4314.27,4315.93,141,35,0
2026.06.15 07:40:00,4315.98,4316.66,4315.38,4315.39,162,35,0
2026.06.15 07:41:00,4315.41,4315.72,4314.51,4315.47,171,35,0
2026.06.15 07:42:00,4315.45,4316.72,4314.49,4316.6,166,35,0
2026.06.15 07:43:00,4316.46,4317.41,4315.83,4315.96,169,35,0
2026.06.15 07:44:00,4315.97,4316.69,4315.94,4316.6,173,35,0
2026.06.15 07:45:00,4316.59,4317.3,4315.52,4315.66,151,35,0
2026.06.15 07:46:00,4315.69,4315.79,4314.34,4314.39,142,35,0
2026.06.15 07:47:00,4314.41,4314.99,4313.49,4313.94,136,35,0
2026.06.15 07:48:00,4313.95,4314.31,4313.06,4313.09,137,35,0
2026.06.15 07:49:00,4313.07,4313.98,4312.59,4313.43,155,35,0
2026.06.15 07:50:00,4313.47,4315.45,4313.05,4315.19,149,35,0
2026.06.15 07:51:00,4315.21,4318.74,4314.88,4318.71,154,35,0
2026.06.15 07:52:00,4318.82,4320.34,4318.58,4320.22,176,35,0
2026.06.15 07:53:00,4320.24,4320.92,4319.15,4320.73,184,35,0
2026.06.15 07:54:00,4320.65,4322.99,4319.94,4322.99,181,35,0
2026.06.15 07:55:00,4323.16,4323.31,4321.31,4322.11,181,35,0
2026.06.15 07:56:00,4321.94,4322.23,4321.02,4321.45,181,35,0
2026.06.15 07:57:00,4321.38,4323.44,4320.37,4323.44,157,35,0
2026.06.15 07:58:00,4323.43,4324.41,4323.28,4324.4,158,35,0
2026.06.15 07:59:00,4324.42,4325.15,4322.8,4323.13,173,35,0
2026.06.15 08:00:00,4322.92,4323.89,4322.14,4323.87,174,35,0
2026.06.15 08:01:00,4323.69,4324.45,4321.65,4322.02,169,35,0
2026.06.15 08:02:00,4322.15,4326.02,4322.15,4325.81,153,35,0
2026.06.15 08:03:00,4325.86,4327.53,4325.17,4327.43,159,35,0
2026.06.15 08:04:00,4327.45,4329.18,4327.16,4328.22,162,35,0
2026.06.15 08:05:00,4328.16,4329.22,4326.62,4327.07,168,35,0
2026.06.15 08:06:00,4327.18,4327.35,4326.02,4326.71,168,35,0
2026.06.15 08:07:00,4326.7,4327.84,4325.92,4327.13,156,35,0
2026.06.15 08:08:00,4327.11,4327.76,4325.81,4327.76,149,35,0
2026.06.15 08:09:00,4327.94,4329.09,4327.92,4328.94,153,35,0
2026.06.15 08:10:00,4328.93,4328.93,4325.83,4326.15,154,35,0
2026.06.15 08:11:00,4326.08,4326.16,4324.21,4325.77,153,35,0
2026.06.15 08:12:00,4325.51,4326.88,4325.49,4326.68,143,35,0
2026.06.15 08:13:00,4326.76,4326.76,4325.2,4325.57,149,35,0
2026.06.15 08:14:00,4325.54,4329.3,4325.25,4328.79,186,35,0
2026.06.15 08:15:00,4328.81,4330.1,4328.13,4328.41,168,35,0
2026.06.15 08:16:00,4328.42,4328.83,4327.62,4328.74,163,35,0
2026.06.15 08:17:00,4328.73,4329.68,4328.0,4329.66,164,35,0
2026.06.15 08:18:00,4329.67,4330.47,4329.54,4330.19,151,35,0
2026.06.15 08:19:00,4330.23,4330.98,4329.03,4329.58,175,35,0
2026.06.15 08:20:00,4329.28,4331.55,4329.28,4330.5,172,35,0
2026.06.15 08:21:00,4330.51,4331.01,4329.25,4329.32,163,35,0
2026.06.15 08:22:00,4329.33,4329.71,4328.52,4329.27,162,35,0
2026.06.15 08:23:00,4329.29,4331.76,4329.14,4330.8,164,35,0
2026.06.15 08:24:00,4330.81,4330.86,4328.75,4328.75,168,35,0
2026.06.15 08:25:00,4328.87,4329.27,4327.86,4328.82,163,35,0
2026.06.15 08:26:00,4328.86,4329.9,4328.47,4329.73,165,35,0
2026.06.15 08:27:00,4329.84,4331.13,4329.61,4330.94,159,35,0
2026.06.15 08:28:00,4330.95,4332.65,4328.13,4328.33,172,35,0
2026.06.15 08:29:00,4328.29,4329.27,4327.31,4328.39,201,35,0
2026.06.15 08:30:00,4328.62,4329.37,4327.86,4328.99,181,35,0
2026.06.15 08:31:00,4329.01,4332.72,4329.01,4332.69,157,35,0
2026.06.15 08:32:00,4332.6,4338.05,4332.6,4337.61,200,35,0
2026.06.15 08:33:00,4337.73,4340.18,4337.3,4339.99,191,35,0
2026.06.15 08:34:00,4340.24,4343.38,4339.6,4343.33,201,35,0
2026.06.15 08:35:00,4343.48,4343.85,4342.15,4342.69,187,35,0
2026.06.15 08:36:00,4342.94,4344.76,4341.1,4344.36,163,35,0
2026.06.15 08:37:00,4344.37,4344.99,4343.92,4344.74,193,35,0
2026.06.15 08:38:00,4344.76,4345.38,4342.63,4342.85,187,35,0
2026.06.15 08:39:00,4342.9,4344.22,4342.23,4342.87,171,35,0
2026.06.15 08:40:00,4343.03,4343.46,4342.03,4342.57,147,35,0
2026.06.15 08:41:00,4342.58,4344.28,4342.23,4343.81,167,35,0
2026.06.15 08:42:00,4343.78,4344.99,4343.38,4344.84,148,35,0
2026.06.15 08:43:00,4344.78,4344.84,4342.35,4342.73,149,35,0
2026.06.15 08:44:00,4342.68,4342.68,4340.66,4340.94,147,35,0
2026.06.15 08:45:00,4340.97,4342.96,4339.89,4342.4,176,35,0
2026.06.15 08:46:00,4342.41,4342.41,4341.18,4341.18,154,35,0
2026.06.15 08:47:00,4341.24,4341.61,4340.54,4340.86,139,35,0
2026.06.15 08:48:00,4340.84,4341.28,4339.21,4339.73,172,35,0
2026.06.15 08:49:00,4339.53,4339.53,4337.48,4337.93,164,35,0
2026.06.15 08:50:00,4337.91,4338.0,4334.64,4334.72,172,35,0
2026.06.15 08:51:00,4334.71,4336.11,4334.71,4335.57,166,35,0
2026.06.15 08:52:00,4335.58,4337.95,4335.57,4337.94,157,35,0
2026.06.15 08:53:00,4337.93,4338.65,4337.77,4338.53,133,35,0
2026.06.15 08:54:00,4338.54,4339.21,4337.68,4339.14,136,35,0
2026.06.15 08:55:00,4339.07,4339.07,4336.22,4336.74,152,35,0
2026.06.15 08:56:00,4336.73,4337.02,4335.3,4335.75,157,35,0
2026.06.15 08:57:00,4335.65,4336.27,4334.43,4335.13,178,35,0
2026.06.15 08:58:00,4335.15,4336.64,4335.09,4336.64,140,35,0
2026.06.15 08:59:00,4336.63,4336.65,4334.05,4334.16,151,35,0
2026.06.15 09:00:00,4334.18,4337.42,4334.18,4336.71,160,35,0
2026.06.15 09:01:00,4337.13,4339.36,4336.76,4339.26,185,35,0
2026.06.15 09:02:00,4339.14,4339.37,4338.15,4338.87,172,35,0
2026.06.15 09:03:00,4338.94,4339.23,4337.83,4339.23,161,35,0
2026.06.15 09:04:00,4339.3,4341.34,4338.07,4341.34,168,35,0
2026.06.15 09:05:00,4341.33,4342.38,4341.22,4342.27,172,35,0
2026.06.15 09:06:00,4342.3,4343.06,4341.17,4341.57,160,35,0
2026.06.15 09:07:00,4341.64,4341.64,4339.65,4340.17,151,35,0
2026.06.15 09:08:00,4340.18,4342.39,4339.2,4341.18,176,35,0
2026.06.15 09:09:00,4341.21,4341.28,4339.58,4340.18,177,35,0
2026.06.15 09:10:00,4340.19,4340.78,4339.82,4340.78,164,35,0
2026.06.15 09:11:00,4340.77,4340.8,4338.38,4338.49,166,35,0
2026.06.15 09:12:00,4338.16,4338.22,4337.62,4337.78,179,35,0
2026.06.15 09:13:00,4337.74,4338.69,4337.22,4338.32,166,35,0
2026.06.15 09:14:00,4338.34,4340.12,4337.75,4340.04,137,35,0
2026.06.15 09:15:00,4340.03,4340.15,4338.1,4338.12,184,35,0
2026.06.15 09:16:00,4338.13,4338.75,4337.53,4338.44,182,35,0
2026.06.15 09:17:00,4338.4,4341.72,4338.14,4340.02,175,35,0
2026.06.15 09:18:00,4340.11,4340.32,4339.22,4339.54,176,35,0
2026.06.15 09:19:00,4339.55,4339.92,4338.65,4339.27,159,35,0
2026.06.15 09:20:00,4339.23,4340.26,4338.41,4339.45,177,35,0
2026.06.15 09:21:00,4339.41,4341.45,4339.37,4341.3,179,35,0
2026.06.15 09:22:00,4341.28,4341.87,4340.78,4341.35,160,35,0
2026.06.15 09:23:00,4341.34,4342.8,4341.34,4342.37,148,35,0
2026.06.15 09:24:00,4342.31,4343.17,4340.59,4340.63,152,35,0
2026.06.15 09:25:00,4340.73,4340.79,4336.67,4336.84,192,35,0
2026.06.15 09:26:00,4336.8,4338.0,4336.41,4337.23,170,35,0
2026.06.15 09:27:00,4337.22,4340.14,4337.04,4340.12,206,35,0
2026.06.15 09:28:00,4340.13,4340.17,4338.9,4339.54,166,35,0
2026.06.15 09:29:00,4339.61,4339.96,4338.26,4338.67,175,35,0
2026.06.15 09:30:00,4338.87,4338.94,4336.18,4336.18,192,35,0
2026.06.15 09:31:00,4336.4,4337.96,4335.49,4336.87,168,35,0
2026.06.15 09:32:00,4336.95,4338.41,4336.95,4338.15,186,35,0
2026.06.15 09:33:00,4337.72,4337.72,4335.71,4336.84,170,35,0
2026.06.15 09:34:00,4336.73,4336.88,4334.56,4335.79,140,35,0
2026.06.15 09:35:00,4335.85,4338.76,4335.42,4338.76,179,35,0
2026.06.15 09:36:00,4339.03,4340.78,4338.73,4339.96,156,35,0
2026.06.15 09:37:00,4339.97,4340.21,4339.1,4339.11,160,35,0
2026.06.15 09:38:00,4339.13,4340.31,4339.07,4340.2,156,35,0
2026.06.15 09:39:00,4340.24,4340.89,4339.48,4339.75,137,35,0
2026.06.15 09:40:00,4339.74,4340.08,4338.48,4338.65,139,35,0
2026.06.15 09:41:00,4338.71,4339.1,4337.98,4339.01,163,35,0
2026.06.15 09:42:00,4339.02,4339.37,4338.27,4338.57,163,35,0
2026.06.15 09:43:00,4338.56,4338.97,4336.16,4336.34,164,35,0
2026.06.15 09:44:00,4336.35,4336.36,4335.28,4335.6,149,35,0
2026.06.15 09:45:00,4335.5,4335.96,4335.02,4335.43,160,35,0
2026.06.15 09:46:00,4335.56,4338.13,4335.56,4337.97,158,35,0
2026.06.15 09:47:00,4337.98,4339.69,4337.82,4339.69,135,35,0
2026.06.15 09:48:00,4339.68,4340.62,4339.64,4340.14,173,35,0
2026.06.15 09:49:00,4340.16,4340.2,4339.56,4339.9,170,35,0
2026.06.15 09:50:00,4339.93,4340.69,4339.6,4339.76,179,35,0
2026.06.15 09:51:00,4339.78,4340.57,4339.67,4339.94,155,35,0
2026.06.15 09:52:00,4340.03,4340.72,4339.84,4340.56,151,35,0
2026.06.15 09:53:00,4340.58,4340.65,4339.61,4339.71,132,35,0
2026.06.15 09:54:00,4339.62,4340.14,4339.6,4339.68,144,35,0
2026.06.15 09:55:00,4339.53,4339.87,4338.32,4338.68,150,35,0
2026.06.15 09:56:00,4338.59,4339.28,4337.96,4338.94,162,35,0
2026.06.15 09:57:00,4338.93,4340.39,4338.83,4339.47,158,35,0
2026.06.15 09:58:00,4339.5,4340.28,4338.5,4338.57,165,35,0
2026.06.15 09:59:00,4338.56,4338.88,4336.42,4336.53,161,35,0
2026.06.15 10:00:00,4336.54,4337.12,4335.79,4336.71,145,35,0
2026.06.15 10:01:00,4336.75,4336.76,4336.05,4336.76,169,35,0
2026.06.15 10:02:00,4336.77,4337.45,4336.66,4336.89,176,35,0
2026.06.15 10:03:00,4336.87,4337.21,4336.16,4336.17,156,35,0
2026.06.15 10:04:00,4336.18,4336.79,4335.71,4335.73,119,35,0
2026.06.15 10:05:00,4335.93,4338.61,4335.73,4338.24,156,35,0
2026.06.15 10:06:00,4338.23,4339.15,4338.1,4339.12,158,35,0
2026.06.15 10:07:00,4339.14,4340.26,4337.73,4338.2,157,35,0
2026.06.15 10:08:00,4338.25,4338.48,4337.08,4337.6,139,35,0
2026.06.15 10:09:00,4337.61,4338.04,4337.45,4338.0,147,35,0
2026.06.15 10:10:00,4338.01,4338.06,4337.15,4337.74,171,35,0
2026.06.15 10:11:00,4337.76,4337.77,4336.41,4337.31,165,35,0
2026.06.15 10:12:00,4337.33,4338.09,4337.15,4337.34,128,35,0
2026.06.15 10:13:00,4337.32,4337.32,4336.32,4336.37,137,35,0
2026.06.15 10:14:00,4336.36,4338.0,4336.24,4337.76,149,35,0
2026.06.15 10:15:00,4337.73,4338.88,4337.73,4338.05,153,35,0
2026.06.15 10:16:00,4338.04,4338.97,4337.57,4338.88,152,35,0
2026.06.15 10:17:00,4338.89,4339.06,4337.72,4337.91,136,35,0
2026.06.15 10:18:00,4337.93,4338.24,4337.55,4337.91,147,35,0
2026.06.15 10:19:00,4337.87,4338.75,4337.87,4338.4,123,35,0
2026.06.15 10:20:00,4338.37,4338.76,4337.38,4337.42,113,35,0
2026.06.15 10:21:00,4337.41,4338.49,4337.41,4338.17,139,35,0
2026.06.15 10:22:00,4338.18,4338.41,4336.04,4336.75,156,35,0
2026.06.15 10:23:00,4336.71,4336.95,4336.32,4336.79,132,35,0
2026.06.15 10:24:00,4336.84,4338.25,4336.83,4338.25,148,35,0
2026.06.15 10:25:00,4338.23,4338.99,4337.88,4337.97,147,35,0
2026.06.15 10:26:00,4338.0,4339.06,4337.67,4338.88,170,35,0
2026.06.15 10:27:00,4338.95,4339.34,4338.64,4339.14,162,35,0
2026.06.15 10:28:00,4339.13,4339.13,4338.01,4338.14,158,35,0
2026.06.15 10:29:00,4338.11,4339.0,4338.11,4338.44,128,35,0
2026.06.15 10:30:00,4338.43,4338.65,4337.32,4337.54,183,35,0
2026.06.15 10:31:00,4337.62,4338.93,4337.3,4338.8,148,35,0
2026.06.15 10:32:00,4338.81,4340.05,4338.66,4339.55,156,35,0
2026.06.15 10:33:00,4339.54,4339.81,4339.2,4339.61,120,35,0
2026.06.15 10:34:00,4339.6,4340.24,4338.44,4339.09,148,35,0
2026.06.15 10:35:00,4339.12,4339.31,4338.57,4338.61,143,35,0
2026.06.15 10:36:00,4338.63,4339.32,4337.77,4338.75,159,35,0
2026.06.15 10:37:00,4338.76,4339.29,4338.36,4339.21,134,35,0
2026.06.15 10:38:00,4339.2,4339.92,4338.54,4339.92,113,35,0
2026.06.15 10:39:00,4339.85,4339.85,4336.49,4336.61,158,35,0
2026.06.15 10:40:00,4336.62,4337.66,4336.6,4337.32,160,35,0
2026.06.15 10:41:00,4337.27,4337.35,4335.23,4337.08,144,35,0
2026.06.15 10:42:00,4337.09,4338.16,4337.09,4338.15,150,35,0
2026.06.15 10:43:00,4338.26,4338.27,4336.96,4336.97,132,35,0
2026.06.15 10:44:00,4337.01,4337.71,4336.87,4337.71,164,35,0
2026.06.15 10:45:00,4337.72,4340.51,4337.72,4340.48,159,35,0
2026.06.15 10:46:00,4340.43,4341.37,4338.64,4338.64,164,35,0
2026.06.15 10:47:00,4338.41,4339.28,4337.53,4339.28,169,35,0
2026.06.15 10:48:00,4339.33,4339.48,4338.51,4338.55,137,35,0
2026.06.15 10:49:00,4338.56,4340.3,4337.94,4340.3,131,35,0
2026.06.15 10:50:00,4340.26,4340.5,4339.34,4339.62,137,35,0
2026.06.15 10:51:00,4339.74,4340.35,4339.45,4340.35,165,35,0
2026.06.15 10:52:00,4340.36,4340.36,4339.67,4340.23,142,35,0
2026.06.15 10:53:00,4340.17,4340.63,4339.15,4339.55,166,35,0
2026.06.15 10:54:00,4339.58,4339.61,4336.31,4337.15,159,35,0
2026.06.15 10:55:00,4337.16,4337.69,4336.71,4337.34,145,35,0
2026.06.15 10:56:00,4337.45,4338.33,4337.22,4338.22,144,35,0
2026.06.15 10:57:00,4338.14,4338.7,4337.67,4338.23,156,35,0
2026.06.15 10:58:00,4338.22,4338.78,4337.48,4337.67,152,35,0
2026.06.15 10:59:00,4337.79,4338.42,4337.54,4338.04,155,35,0
2026.06.15 11:00:00,4338.02,4338.27,4336.32,4337.42,166,35,0
2026.06.15 11:01:00,4337.35,4338.87,4337.24,4337.73,174,35,0
2026.06.15 11:02:00,4337.71,4338.47,4337.41,4337.66,149,35,0
2026.06.15 11:03:00,4337.62,4338.6,4336.14,4338.15,152,35,0
2026.06.15 11:04:00,4338.09,4338.58,4337.14,4337.54,137,35,0
2026.06.15 11:05:00,4337.57,4338.25,4337.46,4338.01,165,35,0
2026.06.15 11:06:00,4338.02,4339.21,4337.74,4338.82,134,35,0
2026.06.15 11:07:00,4338.87,4339.02,4338.06,4338.07,145,35,0
2026.06.15 11:08:00,4338.08,4338.6,4337.94,4338.52,136,35,0
2026.06.15 11:09:00,4338.54,4338.93,4338.19,4338.37,149,35,0
2026.06.15 11:10:00,4338.43,4338.66,4338.13,4338.18,138,35,0
2026.06.15 11:11:00,4338.25,4339.81,4337.81,4337.83,173,35,0
2026.06.15 11:12:00,4337.8,4338.41,4337.41,4337.41,130,35,0
2026.06.15 11:13:00,4337.4,4338.94,4336.87,4338.82,155,35,0
2026.06.15 11:14:00,4338.84,4339.12,4337.73,4337.9,143,35,0
2026.06.15 11:15:00,4337.89,4338.55,4336.94,4337.11,145,35,0
2026.06.15 11:16:00,4337.0,4338.69,4336.69,4338.46,160,35,0
2026.06.15 11:17:00,4338.47,4338.54,4337.36,4338.0,150,35,0
2026.06.15 11:18:00,4337.99,4338.13,4337.64,4337.75,171,35,0
2026.06.15 11:19:00,4337.77,4339.73,4337.77,4339.04,157,35,0
2026.06.15 11:20:00,4338.99,4340.14,4336.77,4336.77,175,35,0
2026.06.15 11:21:00,4337.15,4337.54,4336.46,4336.61,160,35,0
2026.06.15 11:22:00,4336.62,4337.71,4336.61,4337.38,141,35,0
2026.06.15 11:23:00,4337.34,4337.54,4336.7,4337.19,146,35,0
2026.06.15 11:24:00,4337.22,4337.74,4335.99,4337.66,139,35,0
2026.06.15 11:25:00,4337.68,4338.08,4336.29,4337.26,166,35,0
2026.06.15 11:26:00,4337.22,4337.96,4337.19,4337.96,139,35,0
2026.06.15 11:27:00,4337.98,4338.09,4337.45,4337.68,143,35,0
2026.06.15 11:28:00,4337.67,4340.14,4337.59,4340.13,134,35,0
2026.06.15 11:29:00,4340.14,4341.36,4340.14,4340.88,166,35,0
2026.06.15 11:30:00,4341.1,4346.3,4341.1,4343.69,186,35,0
2026.06.15 11:31:00,4343.81,4344.87,4343.58,4344.87,162,35,0
2026.06.15 11:32:00,4344.85,4346.61,4344.62,4346.14,160,35,0
2026.06.15 11:33:00,4346.23,4346.24,4343.19,4344.38,160,35,0
2026.06.15 11:34:00,4344.39,4345.89,4344.01,4345.87,158,35,0
2026.06.15 11:35:00,4345.9,4345.97,4343.2,4343.2,165,35,0
2026.06.15 11:36:00,4343.11,4343.29,4341.4,4343.05,168,35,0
2026.06.15 11:37:00,4343.13,4345.28,4342.98,4345.21,192,35,0
2026.06.15 11:38:00,4345.22,4345.61,4344.34,4344.73,166,35,0
2026.06.15 11:39:00,4344.77,4346.7,4344.65,4346.64,173,35,0
2026.06.15 11:40:00,4346.61,4346.66,4344.71,4344.76,177,35,0
2026.06.15 11:41:00,4344.79,4345.8,4344.53,4345.55,185,35,0
2026.06.15 11:42:00,4345.58,4347.32,4344.81,4344.81,162,35,0
2026.06.15 11:43:00,4344.57,4344.71,4340.7,4342.2,195,35,0
2026.06.15 11:44:00,4342.43,4342.78,4337.88,4338.35,184,35,0
2026.06.15 11:45:00,4338.36,4338.42,4335.68,4336.68,196,35,0
2026.06.15 11:46:00,4336.77,4336.77,4331.89,4332.91,197,35,0
2026.06.15 11:47:00,4332.83,4334.04,4332.18,4332.35,182,35,0
2026.06.15 11:48:00,4332.41,4333.76,4331.95,4333.46,186,35,0
2026.06.15 11:49:00,4333.42,4334.02,4331.87,4333.66,173,35,0
2026.06.15 11:50:00,4333.74,4336.17,4333.72,4335.06,193,35,0
2026.06.15 11:51:00,4334.75,4336.54,4334.75,4336.21,180,35,0
2026.06.15 11:52:00,4336.22,4336.72,4335.97,4336.19,175,35,0
2026.06.15 11:53:00,4336.18,4336.35,4333.79,4334.85,188,35,0
2026.06.15 11:54:00,4334.63,4336.44,4334.4,4335.85,182,35,0
2026.06.15 11:55:00,4335.87,4336.17,4333.78,4334.96,177,35,0
2026.06.15 11:56:00,4334.98,4335.91,4334.83,4334.9,165,35,0
2026.06.15 11:57:00,4335.14,4335.44,4334.51,4335.39,146,35,0
2026.06.15 11:58:00,4335.38,4335.78,4334.24,4335.55,155,35,0
2026.06.15 11:59:00,4335.51,4335.51,4334.43,4335.17,144,35,0
2026.06.15 12:00:00,4335.19,4336.78,4334.55,4335.71,170,35,0
2026.06.15 12:01:00,4335.65,4335.73,4334.1,4335.69,150,35,0
2026.06.15 12:02:00,4335.79,4336.89,4335.71,4336.86,159,35,0
2026.06.15 12:03:00,4336.95,4337.7,4336.71,4337.58,155,35,0
2026.06.15 12:04:00,4337.46,4338.65,4337.33,4337.51,167,35,0
2026.06.15 12:05:00,4337.49,4337.7,4335.45,4337.37,176,35,0
2026.06.15 12:06:00,4337.37,4338.21,4336.95,4337.68,152,35,0
2026.06.15 12:07:00,4337.69,4337.71,4336.2,4336.4,146,35,0
2026.06.15 12:08:00,4336.42,4336.76,4335.68,4335.69,161,35,0
2026.06.15 12:09:00,4335.79,4336.11,4334.29,4334.5,149,35,0
2026.06.15 12:10:00,4334.54,4337.39,4334.44,4336.88,169,35,0
2026.06.15 12:11:00,4336.89,4338.25,4336.79,4337.11,169,35,0
2026.06.15 12:12:00,4337.1,4337.11,4335.09,4336.51,168,35,0
2026.06.15 12:13:00,4336.49,4336.71,4334.04,4334.31,174,35,0
2026.06.15 12:14:00,4334.24,4334.71,4330.39,4331.0,190,35,0
2026.06.15 12:15:00,4330.98,4333.0,4330.14,4330.48,174,35,0
2026.06.15 12:16:00,4330.44,4330.75,4327.64,4328.75,222,35,0
2026.06.15 12:17:00,4328.53,4328.97,4324.64,4324.72,178,35,0
2026.06.15 12:18:00,4324.64,4327.71,4324.47,4327.55,185,35,0
2026.06.15 12:19:00,4327.54,4327.6,4325.89,4326.93,166,35,0
2026.06.15 12:20:00,4327.22,4327.78,4324.91,4327.67,184,35,0
2026.06.15 12:21:00,4327.77,4329.66,4327.71,4328.7,184,35,0
2026.06.15 12:22:00,4328.72,4330.93,4327.95,4330.82,184,35,0
2026.06.15 12:23:00,4330.72,4331.6,4330.11,4331.13,167,35,0
2026.06.15 12:24:00,4331.23,4335.12,4330.43,4333.0,185,35,0
2026.06.15 12:25:00,4333.08,4336.81,4333.08,4336.75,175,35,0
2026.06.15 12:26:00,4337.12,4337.77,4336.59,4336.99,189,35,0
2026.06.15 12:27:00,4337.18,4338.22,4336.05,4336.05,188,35,0
2026.06.15 12:28:00,4335.86,4335.9,4333.81,4334.21,208,35,0
2026.06.15 12:29:00,4334.22,4337.0,4333.97,4337.0,153,35,0
2026.06.15 12:30:00,4337.11,4341.29,4335.13,4340.11,184,35,0
2026.06.15 12:31:00,4339.9,4341.4,4339.51,4341.1,193,35,0
2026.06.15 12:32:00,4341.05,4341.18,4338.85,4339.72,176,35,0
2026.06.15 12:33:00,4339.99,4341.14,4339.71,4341.06,166,35,0
2026.06.15 12:34:00,4341.05,4343.38,4341.05,4342.35,188,35,0
2026.06.15 12:35:00,4341.84,4344.11,4341.84,4342.87,191,35,0
2026.06.15 12:36:00,4342.88,4342.88,4340.49,4342.03,179,35,0
2026.06.15 12:37:00,4342.08,4342.98,4342.08,4342.85,157,35,0
2026.06.15 12:38:00,4342.84,4346.63,4342.64,4345.43,173,35,0
2026.06.15 12:39:00,4345.22,4345.97,4343.87,4343.93,189,35,0
2026.06.15 12:40:00,4343.87,4344.33,4343.06,4343.56,189,35,0
2026.06.15 12:41:00,4343.54,4344.93,4343.54,4344.81,149,35,0
2026.06.15 12:42:00,4344.96,4346.26,4344.89,4346.04,153,35,0
2026.06.15 12:43:00,4346.02,4346.28,4344.71,4345.23,160,35,0
2026.06.15 12:44:00,4345.26,4346.57,4344.78,4344.87,184,35,0
2026.06.15 12:45:00,4345.13,4346.29,4343.25,4345.97,171,35,0
2026.06.15 12:46:00,4345.94,4346.49,4344.54,4345.27,156,35,0
2026.06.15 12:47:00,4345.21,4345.92,4344.25,4345.92,162,35,0
2026.06.15 12:48:00,4345.89,4346.75,4345.61,4346.47,174,35,0
2026.06.15 12:49:00,4346.48,4346.8,4345.33,4345.81,157,35,0
2026.06.15 12:50:00,4345.8,4349.33,4345.52,4348.95,165,35,0
2026.06.15 12:51:00,4348.96,4349.31,4347.4,4348.85,187,35,0
2026.06.15 12:52:00,4348.86,4349.29,4346.55,4347.05,167,35,0
2026.06.15 12:53:00,4347.07,4347.69,4345.92,4346.02,162,35,0
2026.06.15 12:54:00,4345.99,4346.13,4343.49,4344.06,181,35,0
2026.06.15 12:55:00,4344.02,4346.02,4343.74,4345.72,161,35,0
2026.06.15 12:56:00,4345.79,4348.26,4345.66,4348.04,167,35,0
2026.06.15 12:57:00,4348.05,4349.3,4348.05,4348.86,169,35,0
2026.06.15 12:58:00,4348.83,4348.84,4347.59,4348.07,159,35,0
2026.06.15 12:59:00,4347.92,4349.1,4347.7,4348.86,156,35,0
2026.06.15 13:00:00,4348.98,4348.98,4344.95,4345.24,214,35,0
2026.06.15 13:01:00,4345.28,4345.74,4343.55,4343.62,189,35,0
2026.06.15 13:02:00,4343.63,4344.32,4342.05,4342.55,192,35,0
2026.06.15 13:03:00,4342.54,4344.14,4342.15,4343.73,177,35,0
2026.06.15 13:04:00,4343.75,4344.82,4342.25,4342.98,190,35,0
2026.06.15 13:05:00,4342.89,4344.39,4342.08,4344.16,212,35,0
2026.06.15 13:06:00,4344.06,4344.06,4341.25,4342.31,176,35,0
2026.06.15 13:07:00,4342.3,4346.82,4342.07,4345.86,184,35,0
2026.06.15 13:08:00,4345.69,4346.11,4344.79,4345.12,200,35,0
2026.06.15 13:09:00,4345.28,4346.68,4344.93,4345.18,172,35,0
2026.06.15 13:10:00,4345.17,4347.86,4345.17,4347.1,203,35,0
2026.06.15 13:11:00,4347.07,4348.39,4346.5,4347.69,181,35,0
2026.06.15 13:12:00,4347.7,4348.94,4347.31,4348.38,213,35,0
2026.06.15 13:13:00,4348.39,4349.8,4347.79,4349.31,208,35,0
2026.06.15 13:14:00,4349.22,4350.39,4348.67,4349.43,195,35,0
2026.06.15 13:15:00,4349.58,4353.66,4349.58,4352.14,209,35,0
2026.06.15 13:16:00,4352.05,4352.63,4350.06,4350.46,210,35,0
2026.06.15 13:17:00,4350.45,4351.46,4349.29,4351.19,186,35,0
2026.06.15 13:18:00,4351.12,4352.93,4350.9,4352.07,182,35,0
2026.06.15 13:19:00,4352.06,4353.17,4351.27,4352.96,156,35,0
2026.06.15 13:20:00,4352.9,4354.26,4352.07,4352.45,164,35,0
2026.06.15 13:21:00,4352.58,4354.64,4351.74,4354.56,187,35,0
2026.06.15 13:22:00,4354.64,4355.48,4353.25,4354.68,185,35,0
2026.06.15 13:23:00,4354.9,4354.9,4351.56,4352.54,215,35,0
2026.06.15 13:24:00,4352.56,4354.8,4352.43,4353.7,202,35,0
2026.06.15 13:25:00,4353.85,4355.74,4352.96,4355.39,190,35,0
2026.06.15 13:26:00,4355.41,4355.54,4353.09,4353.93,195,35,0
2026.06.15 13:27:00,4353.87,4354.22,4352.92,4353.38,181,35,0
2026.06.15 13:28:00,4353.41,4354.71,4353.03,4353.96,177,35,0
2026.06.15 13:29:00,4353.9,4355.36,4352.66,4353.16,174,35,0
2026.06.15 13:30:00,4353.45,4358.81,4352.17,4358.27,211,35,0
2026.06.15 13:31:00,4358.19,4360.76,4356.58,4360.0,204,35,0
2026.06.15 13:32:00,4359.97,4364.94,4359.97,4362.07,228,35,0
2026.06.15 13:33:00,4362.18,4362.95,4356.92,4358.67,211,35,0
2026.06.15 13:34:00,4358.71,4363.01,4358.04,4363.01,204,35,0
2026.06.15 13:35:00,4362.9,4364.32,4360.73,4361.56,209,35,0
2026.06.15 13:36:00,4361.55,4363.39,4360.55,4361.92,207,35,0
2026.06.15 13:37:00,4361.93,4362.67,4359.88,4361.32,197,35,0
2026.06.15 13:38:00,4361.44,4363.26,4359.51,4362.53,197,35,0
2026.06.15 13:39:00,4362.65,4366.48,4362.17,4363.21,203,35,0
2026.06.15 13:40:00,4362.92,4365.0,4361.12,4363.38,209,35,0
2026.06.15 13:41:00,4363.59,4368.51,4363.53,4367.63,217,35,0
2026.06.15 13:42:00,4367.54,4367.83,4364.02,4364.05,195,35,0
2026.06.15 13:43:00,4364.03,4364.74,4360.56,4362.23,205,35,0
2026.06.15 13:44:00,4362.28,4363.79,4360.44,4363.23,198,35,0
2026.06.15 13:45:00,4363.3,4364.6,4361.86,4361.99,200,35,0
2026.06.15 13:46:00,4361.98,4362.09,4359.38,4360.23,193,35,0
2026.06.15 13:47:00,4360.34,4361.49,4359.68,4361.35,188,35,0
2026.06.15 13:48:00,4361.41,4362.12,4359.95,4362.12,193,35,0
2026.06.15 13:49:00,4361.85,4363.99,4361.76,4361.83,181,35,0
2026.06.15 13:50:00,4361.86,4362.83,4358.58,4358.93,195,35,0
2026.06.15 13:51:00,4358.98,4361.05,4358.61,4360.98,188,35,0
2026.06.15 13:52:00,4360.97,4361.06,4356.62,4358.52,188,35,0
2026.06.15 13:53:00,4358.51,4359.77,4357.74,4358.34,180,35,0
2026.06.15 13:54:00,4358.35,4358.79,4357.19,4357.59,182,35,0
2026.06.15 13:55:00,4357.61,4359.96,4357.61,4358.77,190,35,0
2026.06.15 13:56:00,4358.72,4359.64,4357.87,4359.58,173,35,0
2026.06.15 13:57:00,4359.62,4361.83,4359.5,4360.69,199,35,0
2026.06.15 13:58:00,4360.64,4360.64,4355.79,4356.0,206,35,0
2026.06.15 13:59:00,4356.12,4356.47,4354.24,4355.0,190,35,0
2026.06.15 14:00:00,4355.12,4357.05,4354.44,4356.49,198,35,0
2026.06.15 14:01:00,4356.68,4356.85,4354.01,4355.45,187,35,0
2026.06.15 14:02:00,4355.63,4357.97,4355.42,4356.06,198,35,0
2026.06.15 14:03:00,4356.17,4358.68,4356.11,4357.49,180,35,0
2026.06.15 14:04:00,4357.41,4360.47,4357.25,4358.83,184,35,0
2026.06.15 14:05:00,4358.87,4364.6,4357.81,4363.91,199,35,0
2026.06.15 14:06:00,4363.85,4369.04,4363.84,4367.39,214,35,0
2026.06.15 14:07:00,4367.46,4369.02,4366.22,4367.02,211,35,0
2026.06.15 14:08:00,4367.05,4368.56,4366.41,4367.78,184,35,0
2026.06.15 14:09:00,4367.71,4368.46,4365.83,4365.91,190,35,0
2026.06.15 14:10:00,4365.73,4365.75,4364.0,4364.0,194,35,0
2026.06.15 14:11:00,4363.43,4363.76,4361.97,4361.97,192,35,0
2026.06.15 14:12:00,4362.11,4362.46,4356.99,4357.45,196,35,0
2026.06.15 14:13:00,4357.17,4359.48,4354.45,4359.19,204,35,0
2026.06.15 14:14:00,4359.25,4359.25,4356.59,4357.32,204,35,0
2026.06.15 14:15:00,4357.3,4360.41,4357.03,4360.41,202,35,0
2026.06.15 14:16:00,4360.9,4362.94,4359.14,4361.22,187,35,0
2026.06.15 14:17:00,4361.23,4361.23,4356.96,4357.76,196,35,0
2026.06.15 14:18:00,4357.71,4359.43,4357.57,4359.0,172,35,0
2026.06.15 14:19:00,4359.12,4361.82,4358.66,4361.5,203,35,0
2026.06.15 14:20:00,4361.51,4361.68,4356.43,4357.1,189,35,0
2026.06.15 14:21:00,4357.08,4357.99,4356.45,4356.54,191,35,0
2026.06.15 14:22:00,4356.62,4357.13,4354.06,4354.47,214,35,0
2026.06.15 14:23:00,4354.56,4356.96,4354.47,4356.78,178,35,0
2026.06.15 14:24:00,4356.8,4358.49,4355.5,4357.38,188,35,0
2026.06.15 14:25:00,4357.34,4358.98,4357.04,4358.97,182,35,0
2026.06.15 14:26:00,4358.98,4362.28,4358.13,4362.03,193,35,0
2026.06.15 14:27:00,4362.02,4364.05,4361.5,4361.68,194,35,0
2026.06.15 14:28:00,4361.74,4363.26,4361.6,4362.46,187,35,0
2026.06.15 14:29:00,4362.51,4364.03,4361.29,4363.63,181,35,0
2026.06.15 14:30:00,4363.95,4365.0,4363.14,4363.21,193,35,0
2026.06.15 14:31:00,4363.26,4364.97,4362.96,4363.37,197,35,0
2026.06.15 14:32:00,4363.67,4364.11,4362.54,4362.72,189,35,0
2026.06.15 14:33:00,4362.73,4362.97,4358.6,4358.83,179,35,0
2026.06.15 14:34:00,4358.81,4358.92,4356.52,4357.18,176,35,0
2026.06.15 14:35:00,4357.16,4359.81,4357.16,4359.81,182,35,0
2026.06.15 14:36:00,4359.85,4359.91,4356.66,4358.25,185,35,0
2026.06.15 14:37:00,4358.43,4358.49,4354.84,4354.84,183,35,0
2026.06.15 14:38:00,4354.72,4356.88,4353.82,4356.76,185,35,0
2026.06.15 14:39:00,4357.05,4357.62,4356.0,4357.23,174,35,0
2026.06.15 14:40:00,4357.42,4358.36,4355.86,4356.38,180,35,0
2026.06.15 14:41:00,4356.35,4356.53,4355.48,4356.25,185,35,0
2026.06.15 14:42:00,4356.01,4356.7,4354.61,4355.19,184,35,0
2026.06.15 14:43:00,4355.2,4357.4,4355.01,4357.23,184,35,0
2026.06.15 14:44:00,4357.34,4358.7,4356.21,4356.95,195,35,0
2026.06.15 14:45:00,4356.96,4361.77,4356.92,4359.99,192,35,0
2026.06.15 14:46:00,4360.04,4360.04,4355.36,4356.66,182,35,0
2026.06.15 14:47:00,4356.56,4357.91,4356.56,4357.54,201,35,0
2026.06.15 14:48:00,4357.51,4361.82,4356.98,4361.8,184,35,0
2026.06.15 14:49:00,4361.82,4362.77,4361.41,4361.77,173,35,0
2026.06.15 14:50:00,4361.9,4363.58,4361.77,4362.25,177,35,0
2026.06.15 14:51:00,4362.31,4363.4,4361.45,4362.43,183,35,0
2026.06.15 14:52:00,4362.4,4362.4,4360.21,4360.79,166,35,0
2026.06.15 14:53:00,4360.77,4360.83,4358.93,4360.08,185,35,0
2026.06.15 14:54:00,4360.17,4362.39,4360.17,4361.43,180,35,0
2026.06.15 14:55:00,4361.3,4362.16,4360.97,4361.81,180,35,0
2026.06.15 14:56:00,4361.96,4362.0,4361.06,4361.31,172,35,0
2026.06.15 14:57:00,4361.3,4361.69,4358.56,4359.51,184,35,0
2026.06.15 14:58:00,4359.45,4359.82,4358.12,4358.17,184,35,0
2026.06.15 14:59:00,4358.21,4358.49,4356.48,4356.64,181,35,0
2026.06.15 15:00:00,4356.39,4357.16,4354.92,4355.11,188,35,0
2026.06.15 15:01:00,4354.97,4355.22,4351.91,4351.99,201,35,0
2026.06.15 15:02:00,4352.03,4353.58,4351.44,4352.97,196,35,0
2026.06.15 15:03:00,4353.4,4355.74,4353.08,4355.21,183,35,0
2026.06.15 15:04:00,4355.27,4355.27,4353.61,4354.77,170,35,0
2026.06.15 15:05:00,4354.79,4359.3,4354.79,4357.87,194,35,0
2026.06.15 15:06:00,4357.9,4357.9,4354.81,4355.83,190,35,0
2026.06.15 15:07:00,4355.86,4356.03,4354.08,4355.23,164,35,0
2026.06.15 15:08:00,4355.09,4355.69,4354.35,4355.67,152,35,0
2026.06.15 15:09:00,4355.64,4355.96,4353.02,4354.43,221,35,0
2026.06.15 15:10:00,4354.06,4354.21,4351.96,4352.32,194,35,0
2026.06.15 15:11:00,4352.34,4352.38,4350.06,4350.8,201,35,0
2026.06.15 15:12:00,4350.9,4352.61,4349.54,4351.61,219,35,0
2026.06.15 15:13:00,4351.63,4352.17,4349.82,4350.04,196,35,0
2026.06.15 15:14:00,4350.05,4352.28,4350.05,4350.95,196,35,0
2026.06.15 15:15:00,4350.96,4355.75,4350.62,4355.75,193,35,0
2026.06.15 15:16:00,4355.81,4355.84,4353.08,4353.44,185,35,0
2026.06.15 15:17:00,4353.45,4354.85,4352.65,4353.32,229,35,0
2026.06.15 15:18:00,4353.33,4353.33,4351.18,4351.41,200,35,0
2026.06.15 15:19:00,4351.45,4352.02,4350.35,4351.39,205,35,0
2026.06.15 15:20:00,4351.43,4353.34,4350.09,4352.88,176,35,0
2026.06.15 15:21:00,4352.86,4354.07,4352.84,4353.43,156,35,0
2026.06.15 15:22:00,4353.21,4355.79,4352.93,4355.33,175,35,0
2026.06.15 15:23:00,4355.42,4356.82,4355.37,4356.35,179,35,0
2026.06.15 15:24:00,4356.33,4357.23,4356.02,4356.25,193,35,0
2026.06.15 15:25:00,4356.19,4357.21,4354.64,4357.21,198,35,0
2026.06.15 15:26:00,4357.32,4358.06,4355.36,4355.36,167,35,0
2026.06.15 15:27:00,4355.38,4356.0,4353.96,4354.22,165,35,0
2026.06.15 15:28:00,4354.21,4354.47,4353.23,4354.22,190,35,0
2026.06.15 15:29:00,4354.28,4355.37,4353.47,4353.99,156,35,0
2026.06.15 15:30:00,4353.88,4354.61,4352.89,4353.55,165,35,0
2026.06.15 15:31:00,4353.66,4353.99,4352.59,4352.81,198,35,0
2026.06.15 15:32:00,4352.83,4352.89,4349.69,4352.05,191,35,0
2026.06.15 15:33:00,4352.16,4352.16,4349.92,4350.85,185,35,0
2026.06.15 15:34:00,4350.86,4353.42,4350.55,4352.58,171,35,0
2026.06.15 15:35:00,4352.68,4354.08,4352.17,4352.99,184,35,0
2026.06.15 15:36:00,4353.03,4353.78,4352.07,4352.44,194,35,0
2026.06.15 15:37:00,4352.46,4355.27,4352.46,4354.07,174,35,0
2026.06.15 15:38:00,4354.01,4354.92,4353.09,4353.83,165,35,0
2026.06.15 15:39:00,4353.84,4354.8,4353.5,4354.53,190,35,0
2026.06.15 15:40:00,4354.54,4355.47,4353.66,4355.05,174,35,0
2026.06.15 15:41:00,4355.13,4355.91,4354.03,4355.75,218,35,0
2026.06.15 15:42:00,4355.69,4358.4,4355.47,4358.38,177,35,0
2026.06.15 15:43:00,4358.42,4359.77,4357.79,4359.14,219,35,0
2026.06.15 15:44:00,4359.18,4359.65,4357.3,4357.44,189,35,0
2026.06.15 15:45:00,4357.46,4360.64,4357.46,4359.34,197,35,0
2026.06.15 15:46:00,4359.36,4360.21,4356.9,4356.9,197,35,0
2026.06.15 15:47:00,4356.99,4359.44,4356.93,4359.11,198,35,0
2026.06.15 15:48:00,4359.03,4359.03,4357.37,4357.72,194,35,0
2026.06.15 15:49:00,4357.67,4359.09,4356.76,4356.81,195,35,0
2026.06.15 15:50:00,4356.78,4357.16,4356.31,4356.91,194,35,0
2026.06.15 15:51:00,4356.89,4357.54,4356.27,4356.38,188,35,0
2026.06.15 15:52:00,4356.37,4356.48,4354.88,4355.34,204,35,0
2026.06.15 15:53:00,4355.26,4356.62,4354.9,4354.9,218,35,0
2026.06.15 15:54:00,4354.98,4356.84,4354.86,4356.56,201,35,0
2026.06.15 15:55:00,4356.65,4356.78,4356.05,4356.44,174,35,0
2026.06.15 15:56:00,4356.39,4357.39,4356.32,4357.01,173,35,0
2026.06.15 15:57:00,4357.04,4358.46,4356.58,4358.4,218,35,0
2026.06.15 15:58:00,4358.47,4358.57,4357.8,4358.22,203,35,0
2026.06.15 15:59:00,4358.2,4358.2,4356.1,4356.1,198,35,0
2026.06.15 16:00:00,4356.08,4356.8,4354.72,4355.22,180,35,0
2026.06.15 16:01:00,4355.24,4356.27,4354.58,4356.21,184,35,0
2026.06.15 16:02:00,4356.22,4356.24,4355.02,4355.4,174,35,0
2026.06.15 16:03:00,4355.36,4357.19,4355.23,4356.2,168,35,0
2026.06.15 16:04:00,4356.08,4357.08,4355.42,4357.06,179,35,0
2026.06.15 16:05:00,4357.1,4358.62,4356.94,4357.13,154,35,0
2026.06.15 16:06:00,4357.24,4357.35,4354.4,4354.88,176,35,0
2026.06.15 16:07:00,4354.64,4354.64,4353.05,4353.27,179,35,0
2026.06.15 16:08:00,4353.34,4354.06,4353.01,4353.11,194,35,0
2026.06.15 16:09:00,4353.16,4353.19,4352.13,4352.17,184,35,0
2026.06.15 16:10:00,4352.2,4352.7,4351.32,4351.88,182,35,0
2026.06.15 16:11:00,4351.88,4352.67,4349.86,4349.98,226,35,0
2026.06.15 16:12:00,4349.95,4350.58,4349.11,4350.33,168,35,0
2026.06.15 16:13:00,4350.49,4351.28,4350.09,4351.0,179,35,0
2026.06.15 16:14:00,4350.98,4351.91,4350.82,4351.61,167,35,0
2026.06.15 16:15:00,4351.62,4352.43,4351.11,4351.83,194,35,0
2026.06.15 16:16:00,4351.84,4352.46,4351.52,4352.2,195,35,0
2026.06.15 16:17:00,4352.36,4352.41,4347.48,4347.48,211,35,0
2026.06.15 16:18:00,4347.64,4348.13,4343.83,4344.25,191,35,0
2026.06.15 16:19:00,4344.38,4346.0,4343.81,4345.84,210,35,0
2026.06.15 16:20:00,4345.62,4346.48,4344.28,4344.36,192,35,0
2026.06.15 16:21:00,4344.38,4345.07,4341.86,4343.02,223,35,0
2026.06.15 16:22:00,4343.0,4344.43,4342.79,4342.89,247,35,0
2026.06.15 16:23:00,4342.88,4344.01,4340.66,4342.53,223,35,0
2026.06.15 16:24:00,4342.54,4342.84,4339.95,4340.0,227,35,0
2026.06.15 16:25:00,4339.97,4344.27,4339.22,4344.13,207,35,0
2026.06.15 16:26:00,4344.12,4344.16,4340.76,4340.8,241,35,0
2026.06.15 16:27:00,4341.24,4342.8,4341.24,4342.77,219,35,0
2026.06.15 16:28:00,4342.76,4342.82,4341.49,4342.38,198,35,0
2026.06.15 16:29:00,4342.39,4343.33,4342.09,4342.86,190,35,0
2026.06.15 16:30:00,4342.79,4343.03,4341.37,4342.59,203,35,0
2026.06.15 16:31:00,4342.4,4342.46,4339.59,4340.22,200,35,0
2026.06.15 16:32:00,4340.27,4340.9,4339.04,4339.1,190,35,0
2026.06.15 16:33:00,4339.08,4339.64,4338.41,4339.29,197,35,0
2026.06.15 16:34:00,4339.33,4341.04,4339.33,4340.61,170,35,0
2026.06.15 16:35:00,4340.64,4341.5,4340.21,4340.7,170,35,0
2026.06.15 16:36:00,4340.69,4340.96,4339.83,4340.17,175,35,0
2026.06.15 16:37:00,4340.15,4340.44,4338.25,4339.52,157,35,0
2026.06.15 16:38:00,4339.45,4339.85,4337.69,4339.85,198,35,0
2026.06.15 16:39:00,4339.86,4339.95,4338.85,4338.9,179,35,0
2026.06.15 16:40:00,4338.97,4340.25,4338.56,4340.25,171,35,0
2026.06.15 16:41:00,4340.33,4340.95,4339.38,4339.55,174,35,0
2026.06.15 16:42:00,4339.54,4340.53,4339.0,4339.18,194,35,0
2026.06.15 16:43:00,4339.4,4339.86,4336.61,4336.67,204,35,0
2026.06.15 16:44:00,4336.66,4337.18,4336.14,4336.16,218,35,0
2026.06.15 16:45:00,4336.18,4337.83,4336.05,4337.03,200,35,0
2026.06.15 16:46:00,4337.05,4337.12,4335.72,4337.08,187,35,0
2026.06.15 16:47:00,4337.02,4337.59,4336.28,4337.4,205,35,0
2026.06.15 16:48:00,4337.39,4338.39,4336.33,4337.97,201,35,0
2026.06.15 16:49:00,4337.92,4338.42,4336.21,4336.57,202,35,0
2026.06.15 16:50:00,4336.73,4337.29,4336.16,4336.21,200,35,0
2026.06.15 16:51:00,4336.35,4337.91,4335.87,4336.08,194,35,0
2026.06.15 16:52:00,4335.93,4336.05,4334.49,4335.29,195,35,0
2026.06.15 16:53:00,4335.28,4337.79,4335.05,4337.78,215,35,0
2026.06.15 16:54:00,4337.56,4338.82,4337.07,4337.9,200,35,0
2026.06.15 16:55:00,4337.86,4337.86,4336.98,4337.38,164,35,0
2026.06.15 16:56:00,4337.4,4339.08,4336.08,4339.08,221,35,0
2026.06.15 16:57:00,4339.07,4339.72,4338.7,4339.14,198,35,0
2026.06.15 16:58:00,4339.04,4339.71,4338.39,4339.62,195,35,0
2026.06.15 16:59:00,4339.59,4339.61,4338.62,4339.21,176,35,0
2026.06.15 17:00:00,4339.22,4339.22,4334.83,4334.89,213,35,0
2026.06.15 17:01:00,4335.02,4335.66,4334.11,4335.13,179,43,0
2026.06.15 17:02:00,4335.08,4335.6,4333.34,4335.52,211,43,0
2026.06.15 17:03:00,4335.53,4336.23,4334.36,4336.01,176,43,0
2026.06.15 17:04:00,4335.94,4336.52,4333.75,4333.88,203,43,0
2026.06.15 17:05:00,4333.92,4334.77,4333.85,4334.63,175,43,0
2026.06.15 17:06:00,4334.84,4334.84,4332.95,4333.6,207,43,0
2026.06.15 17:07:00,4333.63,4334.7,4332.19,4334.31,198,43,0
2026.06.15 17:08:00,4334.28,4335.28,4331.81,4331.81,180,43,0
2026.06.15 17:09:00,4332.03,4332.71,4331.26,4332.22,201,43,0
2026.06.15 17:10:00,4332.23,4333.18,4331.28,4332.42,202,43,0
2026.06.15 17:11:00,4332.33,4332.98,4331.51,4332.98,193,43,0
2026.06.15 17:12:00,4332.93,4334.79,4332.84,4333.28,189,43,0
2026.06.15 17:13:00,4332.99,4332.99,4330.59,4331.74,230,43,0
2026.06.15 17:14:00,4331.93,4334.34,4331.47,4334.07,182,43,0
2026.06.15 17:15:00,4334.16,4334.73,4332.88,4334.58,215,43,0
2026.06.15 17:16:00,4334.55,4334.71,4333.54,4334.12,194,43,0
2026.06.15 17:17:00,4334.11,4334.13,4332.08,4332.57,167,43,0
2026.06.15 17:18:00,4332.54,4332.64,4331.23,4331.67,185,43,0
2026.06.15 17:19:00,4331.69,4332.41,4330.28,4330.85,214,43,0
2026.06.15 17:20:00,4330.76,4331.43,4329.98,4330.93,192,43,0
2026.06.15 17:21:00,4330.98,4330.98,4329.87,4330.42,194,43,0
2026.06.15 17:22:00,4330.4,4331.09,4330.25,4330.33,216,43,0
2026.06.15 17:23:00,4330.47,4331.09,4328.86,4330.73,191,43,0
2026.06.15 17:24:00,4330.02,4330.88,4329.47,4330.88,231,43,0
2026.06.15 17:25:00,4330.79,4333.81,4330.79,4333.23,216,43,0
2026.06.15 17:26:00,4333.22,4333.23,4330.86,4331.68,200,43,0
2026.06.15 17:27:00,4331.69,4332.23,4331.09,4331.78,199,43,0
2026.06.15 17:28:00,4331.81,4332.52,4331.33,4331.62,200,43,0
2026.06.15 17:29:00,4331.63,4331.63,4329.36,4329.72,311,43,0
2026.06.15 17:30:00,4329.3,4329.76,4327.54,4328.56,211,43,0
2026.06.15 17:31:00,4328.67,4329.25,4328.14,4328.57,189,43,0
2026.06.15 17:32:00,4328.86,4329.5,4327.93,4329.02,166,43,0
2026.06.15 17:33:00,4329.23,4329.49,4328.23,4329.08,177,43,0
2026.06.15 17:34:00,4329.05,4329.57,4325.68,4325.68,173,43,0
2026.06.15 17:35:00,4325.97,4327.54,4325.38,4325.77,208,43,0
2026.06.15 17:36:00,4325.74,4325.74,4321.86,4323.1,234,43,0
2026.06.15 17:37:00,4323.12,4323.16,4321.88,4322.48,238,43,0
2026.06.15 17:38:00,4322.51,4324.78,4322.11,4324.55,205,43,0
2026.06.15 17:39:00,4324.61,4324.79,4323.59,4324.19,196,43,0
2026.06.15 17:40:00,4324.17,4324.88,4322.48,4322.58,234,43,0
2026.06.15 17:41:00,4322.55,4323.36,4321.34,4323.15,213,43,0
2026.06.15 17:42:00,4323.16,4323.16,4321.22,4321.72,251,43,0
2026.06.15 17:43:00,4321.73,4322.48,4321.73,4322.19,229,43,0
2026.06.15 17:44:00,4322.24,4323.08,4321.03,4321.95,192,43,0
2026.06.15 17:45:00,4321.94,4323.73,4321.94,4323.62,207,43,0
2026.06.15 17:46:00,4323.69,4325.2,4323.08,4324.88,207,43,0
2026.06.15 17:47:00,4324.86,4324.86,4322.22,4322.24,240,43,0
2026.06.15 17:48:00,4322.29,4322.39,4321.3,4321.42,228,43,0
2026.06.15 17:49:00,4321.43,4323.09,4321.18,4322.86,203,43,0
2026.06.15 17:50:00,4322.79,4323.44,4322.17,4322.18,191,43,0
2026.06.15 17:51:00,4322.19,4322.53,4320.59,4320.93,197,43,0
2026.06.15 17:52:00,4320.94,4322.36,4320.45,4321.6,250,43,0
2026.06.15 17:53:00,4321.51,4323.0,4321.45,4322.78,184,43,0
2026.06.15 17:54:00,4322.79,4323.57,4321.16,4321.41,227,43,0
2026.06.15 17:55:00,4321.38,4322.08,4320.72,4322.01,210,43,0
2026.06.15 17:56:00,4322.03,4322.28,4321.66,4321.97,205,43,0
2026.06.15 17:57:00,4321.93,4323.57,4321.62,4323.57,211,43,0
2026.06.15 17:58:00,4323.49,4323.67,4322.43,4323.43,204,43,0
2026.06.15 17:59:00,4323.38,4324.89,4323.23,4324.62,223,43,0
2026.06.15 18:00:00,4324.71,4324.94,4321.7,4321.7,197,43,0
2026.06.15 18:01:00,4321.73,4321.97,4319.91,4320.27,198,43,0
2026.06.15 18:02:00,4320.28,4320.28,4318.0,4319.64,226,43,0
2026.06.15 18:03:00,4319.81,4322.07,4319.61,4321.73,193,43,0
2026.06.15 18:04:00,4321.76,4322.05,4320.46,4320.46,196,43,0
2026.06.15 18:05:00,4320.35,4321.13,4319.55,4320.89,199,43,0
2026.06.15 18:06:00,4320.94,4321.14,4319.11,4319.11,190,43,0
2026.06.15 18:07:00,4319.13,4320.66,4318.64,4320.19,199,43,0
2026.06.15 18:08:00,4320.2,4320.7,4319.78,4320.36,216,43,0
2026.06.15 18:09:00,4320.32,4321.83,4320.26,4320.64,172,43,0
2026.06.15 18:10:00,4320.67,4321.88,4320.45,4321.58,171,43,0
2026.06.15 18:11:00,4321.57,4322.29,4320.65,4321.42,200,43,0
2026.06.15 18:12:00,4321.49,4323.25,4321.39,4322.59,250,43,0
2026.06.15 18:13:00,4322.57,4323.59,4322.35,4323.5,198,43,0
2026.06.15 18:14:00,4323.51,4324.44,4323.41,4324.09,178,43,0
2026.06.15 18:15:00,4324.22,4324.58,4323.41,4323.48,203,43,0
2026.06.15 18:16:00,4323.55,4324.11,4322.7,4323.77,201,43,0
2026.06.15 18:17:00,4323.76,4325.28,4323.52,4325.2,209,43,0
2026.06.15 18:18:00,4325.18,4325.85,4325.09,4325.6,196,43,0
2026.06.15 18:19:00,4325.61,4325.93,4324.15,4324.81,195,43,0
2026.06.15 18:20:00,4324.79,4326.7,4324.69,4326.06,204,43,0
2026.06.15 18:21:00,4326.04,4326.21,4325.59,4326.04,205,43,0
2026.06.15 18:22:00,4326.13,4327.53,4325.94,4326.91,183,43,0
2026.06.15 18:23:00,4326.89,4327.44,4326.83,4327.21,184,43,0
2026.06.15 18:24:00,4327.2,4327.9,4326.51,4326.62,175,43,0
2026.06.15 18:25:00,4326.59,4327.76,4326.55,4327.62,218,43,0
2026.06.15 18:26:00,4327.63,4327.79,4326.0,4326.07,194,43,0
2026.06.15 18:27:00,4326.06,4326.62,4325.9,4326.44,207,43,0
2026.06.15 18:28:00,4326.47,4326.76,4325.74,4326.25,196,43,0
2026.06.15 18:29:00,4326.31,4326.6,4324.04,4324.63,208,43,0
2026.06.15 18:30:00,4324.74,4325.12,4322.5,4323.38,184,43,0
2026.06.15 18:31:00,4323.41,4323.53,4321.83,4322.76,177,43,0
2026.06.15 18:32:00,4322.75,4323.29,4321.86,4322.22,218,43,0
2026.06.15 18:33:00,4322.37,4323.08,4321.74,4322.94,200,43,0
2026.06.15 18:34:00,4322.98,4324.01,4322.48,4323.11,186,43,0
2026.06.15 18:35:00,4323.13,4323.72,4322.37,4322.37,198,43,0
2026.06.15 18:36:00,4322.38,4322.85,4321.92,4322.78,202,43,0
2026.06.15 18:37:00,4322.88,4323.89,4322.69,4323.89,193,43,0
2026.06.15 18:38:00,4323.9,4325.58,4323.76,4325.5,185,43,0
2026.06.15 18:39:00,4325.48,4325.66,4324.73,4324.88,209,43,0
2026.06.15 18:40:00,4324.91,4324.98,4324.35,4324.38,216,43,0
2026.06.15 18:41:00,4324.55,4325.56,4324.53,4325.4,160,43,0
2026.06.15 18:42:00,4325.38,4326.18,4325.02,4325.5,155,43,0
2026.06.15 18:43:00,4325.51,4325.51,4324.38,4324.58,187,43,0
2026.06.15 18:44:00,4324.59,4325.02,4324.2,4324.86,203,43,0
2026.06.15 18:45:00,4324.85,4325.32,4324.24,4324.81,166,43,0
2026.06.15 18:46:00,4324.84,4324.9,4324.2,4324.56,196,43,0
2026.06.15 18:47:00,4324.53,4325.05,4323.93,4324.47,196,43,0
2026.06.15 18:48:00,4324.44,4325.1,4324.31,4324.73,200,43,0
2026.06.15 18:49:00,4324.74,4325.13,4324.4,4325.02,191,43,0
2026.06.15 18:50:00,4325.17,4326.52,4324.84,4326.33,174,43,0
2026.06.15 18:51:00,4326.31,4326.48,4325.09,4326.15,192,43,0
2026.06.15 18:52:00,4326.13,4327.1,4326.13,4326.47,188,43,0
2026.06.15 18:53:00,4326.45,4326.52,4325.26,4325.79,166,43,0
2026.06.15 18:54:00,4325.78,4327.15,4325.52,4325.82,177,43,0
2026.06.15 18:55:00,4325.84,4326.52,4325.46,4326.12,186,43,0
2026.06.15 18:56:00,4326.13,4326.19,4325.32,4325.64,170,43,0
2026.06.15 18:57:00,4325.62,4326.17,4325.21,4325.36,155,43,0
2026.06.15 18:58:00,4325.37,4325.64,4324.97,4325.33,180,43,0
2026.06.15 18:59:00,4325.29,4325.58,4324.81,4325.54,194,43,0
2026.06.15 19:00:00,4325.68,4326.59,4325.06,4326.11,180,43,0
2026.06.15 19:01:00,4325.95,4326.08,4323.7,4324.15,163,43,0
2026.06.15 19:02:00,4324.18,4324.75,4323.08,4323.15,188,43,0
2026.06.15 19:03:00,4323.12,4323.54,4322.12,4322.14,167,43,0
2026.06.15 19:04:00,4322.21,4322.28,4321.68,4322.12,181,43,0
2026.06.15 19:05:00,4322.13,4322.95,4321.35,4322.74,198,43,0
2026.06.15 19:06:00,4322.82,4323.35,4321.91,4322.36,228,43,0
2026.06.15 19:07:00,4322.35,4322.47,4321.16,4321.39,179,43,0
2026.06.15 19:08:00,4321.4,4322.52,4321.31,4321.68,193,43,0
2026.06.15 19:09:00,4321.79,4323.35,4321.58,4321.97,180,43,0
2026.06.15 19:10:00,4321.98,4322.38,4321.38,4321.82,210,43,0
2026.06.15 19:11:00,4321.87,4321.97,4320.81,4321.1,198,43,0
2026.06.15 19:12:00,4321.08,4321.59,4320.74,4321.59,198,43,0
2026.06.15 19:13:00,4321.53,4323.03,4321.52,4322.71,201,43,0
2026.06.15 19:14:00,4322.6,4322.84,4322.3,4322.39,178,43,0
2026.06.15 19:15:00,4322.43,4323.26,4322.39,4323.2,182,43,0
2026.06.15 19:16:00,4323.21,4324.29,4322.21,4324.06,178,43,0
2026.06.15 19:17:00,4324.07,4324.3,4323.65,4323.89,189,43,0
2026.06.15 19:18:00,4323.84,4324.17,4322.83,4322.93,170,43,0
2026.06.15 19:19:00,4322.99,4324.15,4322.95,4323.96,149,43,0
2026.06.15 19:20:00,4323.95,4324.42,4323.29,4323.54,181,43,0
2026.06.15 19:21:00,4323.57,4323.62,4322.97,4323.2,177,43,0
2026.06.15 19:22:00,4323.19,4323.62,4320.93,4321.98,184,43,0
2026.06.15 19:23:00,4322.02,4322.95,4322.02,4322.62,187,43,0
2026.06.15 19:24:00,4322.66,4323.54,4322.66,4323.24,162,43,0
2026.06.15 19:25:00,4323.25,4323.72,4322.99,4323.13,177,43,0
2026.06.15 19:26:00,4323.12,4323.14,4321.39,4321.99,179,43,0
2026.06.15 19:27:00,4321.98,4322.16,4321.47,4321.71,134,43,0
2026.06.15 19:28:00,4321.73,4321.97,4321.48,4321.9,165,43,0
2026.06.15 19:29:00,4321.93,4321.93,4320.75,4321.31,175,43,0
2026.06.15 19:30:00,4321.3,4323.62,4321.29,4323.07,181,43,0
2026.06.15 19:31:00,4323.04,4323.49,4321.41,4322.05,186,43,0
2026.06.15 19:32:00,4322.07,4322.77,4321.75,4322.53,200,43,0
2026.06.15 19:33:00,4322.5,4323.33,4322.08,4323.33,179,43,0
2026.06.15 19:34:00,4323.29,4323.33,4322.0,4322.6,197,43,0
2026.06.15 19:35:00,4322.57,4322.64,4320.44,4320.48,164,43,0
2026.06.15 19:36:00,4320.45,4320.54,4319.28,4320.08,177,43,0
2026.06.15 19:37:00,4320.1,4320.99,4319.61,4320.63,160,43,0
2026.06.15 19:38:00,4320.61,4321.43,4320.22,4321.07,177,43,0
2026.06.15 19:39:00,4321.08,4321.19,4320.45,4320.55,195,43,0
2026.06.15 19:40:00,4320.54,4320.71,4319.96,4320.55,204,43,0
2026.06.15 19:41:00,4320.81,4320.91,4319.85,4319.96,162,43,0
2026.06.15 19:42:00,4319.94,4320.13,4318.88,4318.89,198,43,0
2026.06.15 19:43:00,4318.91,4319.55,4318.67,4319.55,159,43,0
2026.06.15 19:44:00,4319.74,4319.74,4318.05,4318.99,203,43,0
2026.06.15 19:45:00,4318.97,4319.88,4318.87,4319.31,202,43,0
2026.06.15 19:46:00,4319.27,4319.9,4318.49,4319.84,174,43,0
2026.06.15 19:47:00,4319.83,4319.92,4318.63,4318.79,169,43,0
2026.06.15 19:48:00,4318.77,4318.91,4317.69,4317.75,183,43,0
2026.06.15 19:49:00,4317.73,4318.66,4317.7,4318.29,183,43,0
2026.06.15 19:50:00,4318.32,4319.31,4317.9,4318.5,181,43,0
2026.06.15 19:51:00,4318.47,4318.57,4316.49,4317.16,195,43,0
2026.06.15 19:52:00,4317.17,4318.38,4317.06,4318.25,182,43,0
2026.06.15 19:53:00,4318.24,4318.58,4317.74,4318.3,186,43,0
2026.06.15 19:54:00,4318.32,4320.38,4318.32,4319.9,166,43,0
2026.06.15 19:55:00,4320.07,4320.76,4319.51,4319.97,179,43,0
2026.06.15 19:56:00,4319.94,4319.94,4318.52,4319.38,183,43,0
2026.06.15 19:57:00,4319.32,4319.54,4318.89,4319.21,166,43,0
2026.06.15 19:58:00,4319.22,4320.24,4318.8,4320.06,181,43,0
2026.06.15 19:59:00,4320.03,4320.75,4319.24,4320.75,175,43,0
2026.06.15 20:00:00,4320.53,4321.94,4320.53,4321.55,162,43,0
2026.06.15 20:01:00,4321.56,4321.77,4320.62,4321.39,126,43,0
2026.06.15 20:02:00,4321.4,4321.4,4319.97,4320.0,128,43,0
2026.06.15 20:03:00,4319.99,4320.07,4319.38,4319.9,131,43,0
2026.06.15 20:04:00,4319.88,4319.88,4319.15,4319.49,132,43,0
2026.06.15 20:05:00,4319.47,4319.61,4318.94,4319.36,118,43,0
2026.06.15 20:06:00,4319.37,4320.53,4319.26,4319.28,108,43,0
2026.06.15 20:07:00,4319.29,4319.67,4318.91,4318.91,99,43,0
2026.06.15 20:08:00,4318.94,4319.88,4318.88,4319.88,82,43,0
2026.06.15 20:09:00,4319.92,4319.93,4318.99,4319.28,92,43,0
2026.06.15 20:10:00,4319.29,4319.29,4317.49,4317.62,128,43,0
2026.06.15 20:11:00,4317.59,4317.75,4316.96,4317.24,103,43,0
2026.06.15 20:12:00,4317.23,4317.7,4316.35,4316.84,128,43,0
2026.06.15 20:13:00,4316.85,4316.88,4316.06,4316.32,119,43,0
2026.06.15 20:14:00,4316.31,4316.33,4315.61,4315.88,120,43,0
2026.06.15 20:15:00,4315.9,4316.34,4315.34,4315.6,110,43,0
2026.06.15 20:16:00,4315.61,4315.65,4314.58,4314.6,115,43,0
2026.06.15 20:17:00,4314.62,4316.03,4314.3,4316.02,85,43,0
2026.06.15 20:18:00,4316.01,4318.02,4315.95,4317.87,110,43,0
2026.06.15 20:19:00,4317.9,4318.48,4317.29,4317.66,78,43,0
2026.06.15 20:20:00,4317.54,4317.75,4317.04,4317.15,76,43,0
2026.06.15 20:21:00,4317.36,4317.36,4312.41,4313.04,215,43,0
2026.06.15 20:22:00,4313.12,4314.26,4313.1,4314.25,120,43,0
2026.06.15 20:23:00,4314.22,4314.22,4312.34,4312.34,85,43,0
2026.06.15 20:24:00,4312.35,4312.63,4311.98,4312.38,119,43,0
2026.06.15 20:25:00,4312.36,4313.55,4311.87,4313.53,114,43,0
2026.06.15 20:26:00,4313.66,4313.79,4310.58,4311.47,119,43,0
2026.06.15 20:27:00,4311.49,4313.11,4311.15,4312.49,132,43,0
2026.06.15 20:28:00,4312.53,4314.13,4312.5,4313.59,111,43,0
2026.06.15 20:29:00,4313.65,4313.72,4312.42,4312.57,83,43,0
2026.06.15 20:30:00,4312.58,4312.88,4312.08,4312.4,109,43,0
2026.06.15 20:31:00,4312.35,4312.53,4311.79,4312.31,78,52,0
2026.06.15 20:32:00,4312.33,4312.83,4312.33,4312.71,96,52,0
2026.06.15 20:33:00,4312.7,4312.82,4312.12,4312.12,60,52,0
2026.06.15 20:34:00,4312.06,4312.43,4310.65,4311.02,132,52,0
2026.06.15 20:35:00,4311.08,4311.43,4310.32,4310.36,56,52,0
2026.06.15 20:36:00,4310.4,4310.85,4310.01,4310.25,78,52,0
2026.06.15 20:37:00,4310.29,4310.79,4310.02,4310.61,62,52,0
2026.06.15 20:38:00,4310.71,4312.01,4310.4,4311.91,110,52,0
2026.06.15 20:39:00,4312.01,4312.32,4311.38,4311.65,112,52,0
2026.06.15 20:40:00,4311.66,4312.27,4311.13,4311.47,103,52,0
2026.06.15 20:41:00,4311.5,4311.81,4310.84,4311.28,92,52,0
2026.06.15 20:42:00,4311.3,4311.3,4310.5,4310.54,80,52,0
2026.06.15 20:43:00,4310.53,4310.94,4309.83,4310.0,103,52,0
2026.06.15 20:44:00,4309.97,4310.16,4308.13,4309.52,123,52,0
2026.06.15 20:45:00,4309.39,4309.61,4308.97,4309.24,96,52,0
2026.06.15 20:46:00,4309.21,4309.21,4308.39,4308.79,99,52,0
2026.06.15 20:47:00,4308.8,4309.62,4308.62,4309.62,115,52,0
2026.06.15 20:48:00,4309.63,4310.41,4309.63,4310.32,89,52,0
2026.06.15 20:49:00,4310.33,4310.38,4309.54,4309.84,64,52,0
2026.06.15 20:50:00,4309.86,4310.28,4308.18,4308.22,86,52,0
2026.06.15 20:51:00,4308.21,4308.9,4308.12,4308.25,84,52,0
2026.06.15 20:52:00,4308.28,4308.87,4306.87,4306.96,68,52,0
2026.06.15 20:53:00,4306.98,4307.57,4306.36,4307.04,86,52,0
2026.06.15 20:54:00,4307.09,4307.69,4306.83,4307.65,82,52,0
2026.06.15 20:55:00,4307.66,4307.95,4306.26,4306.75,79,48,0
2026.06.15 20:56:00,4306.88,4307.6,4306.77,4307.51,59,48,0
2026.06.15 20:57:00,4307.7,4308.72,4307.36,4308.63,70,48,0
2026.06.15 20:58:00,4308.6,4309.05,4308.0,4308.44,42,51,0
2026.06.15 22:01:00,4311.27,4311.51,4309.23,4309.34,59,43,0
2026.06.15 22:02:00,4309.36,4310.35,4309.34,4310.2,52,43,0
2026.06.15 22:03:00,4310.23,4312.91,4310.23,4312.68,49,43,0
2026.06.15 22:04:00,4313.0,4313.35,4312.55,4312.99,53,43,0
2026.06.15 22:05:00,4312.93,4315.1,4312.93,4314.41,105,43,0
2026.06.15 22:06:00,4314.42,4315.16,4313.51,4315.13,72,43,0
2026.06.15 22:07:00,4314.46,4314.62,4313.12,4313.73,44,43,0
2026.06.15 22:08:00,4313.71,4313.8,4312.27,4313.16,43,43,0
2026.06.15 22:09:00,4313.16,4313.63,4312.08,4313.27,51,43,0
2026.06.15 22:10:00,4313.37,4313.83,4311.52,4311.9,73,43,0
2026.06.15 22:11:00,4311.67,4312.28,4310.8,4312.26,80,43,0
2026.06.15 22:12:00,4312.23,4312.23,4309.35,4309.58,107,43,0
2026.06.15 22:13:00,4309.72,4310.4,4308.81,4308.88,103,43,0
2026.06.15 22:14:00,4308.91,4310.28,4308.8,4309.83,96,43,0
2026.06.15 22:15:00,4309.93,4310.12,4306.52,4307.59,200,43,0
2026.06.15 22:16:00,4307.6,4308.31,4306.5,4308.3,112,43,0
2026.06.15 22:17:00,4308.23,4311.16,4308.23,4311.09,127,43,0
2026.06.15 22:18:00,4311.11,4311.28,4310.93,4311.21,67,43,0
2026.06.15 22:19:00,4311.2,4311.53,4309.99,4310.67,95,43,0
2026.06.15 22:20:00,4310.66,4311.48,4309.93,4310.65,84,43,0
2026.06.15 22:21:00,4310.69,4310.71,4309.63,4310.69,67,43,0
2026.06.15 22:22:00,4310.79,4313.23,4309.8,4312.6,69,43,0
2026.06.15 22:23:00,4312.58,4312.58,4309.03,4309.1,74,43,0
2026.06.15 22:24:00,4309.03,4309.37,4307.43,4307.43,57,43,0
2026.06.15 22:25:00,4307.4,4309.28,4306.46,4309.16,121,43,0
2026.06.15 22:26:00,4309.17,4309.73,4308.32,4308.37,100,43,0
2026.06.15 22:27:00,4308.34,4308.34,4307.81,4307.81,54,43,0
2026.06.15 22:28:00,4307.82,4307.85,4305.76,4306.68,142,43,0
2026.06.15 22:29:00,4306.71,4308.85,4306.71,4308.35,132,43,0
2026.06.15 22:30:00,4308.34,4309.65,4306.65,4307.69,137,43,0
2026.06.15 22:31:00,4307.7,4310.29,4307.7,4309.83,113,43,0
2026.06.15 22:32:00,4309.89,4309.89,4308.78,4308.98,114,43,0
2026.06.15 22:33:00,4309.0,4309.45,4308.56,4309.37,82,43,0
2026.06.15 22:34:00,4309.39,4311.3,4309.32,4309.67,135,43,0
2026.06.15 22:35:00,4309.85,4310.53,4309.75,4309.85,84,43,0
2026.06.15 22:36:00,4309.92,4311.05,4309.82,4311.02,94,43,0
2026.06.15 22:37:00,4310.98,4311.14,4310.4,4310.59,105,43,0
2026.06.15 22:38:00,4310.65,4310.88,4310.03,4310.22,120,43,0
2026.06.15 22:39:00,4310.18,4311.21,4310.06,4311.07,85,43,0
2026.06.15 22:40:00,4311.07,4311.18,4310.69,4310.86,78,43,0
2026.06.15 22:41:00,4310.84,4311.57,4310.81,4311.34,77,43,0
2026.06.15 22:42:00,4311.37,4312.21,4310.95,4312.02,80,43,0
2026.06.15 22:43:00,4312.4,4314.37,4312.35,4313.2,109,43,0
2026.06.15 22:44:00,4313.15,4313.21,4311.88,4312.26,96,43,0
2026.06.15 22:45:00,4312.22,4312.53,4311.91,4311.96,78,43,0
2026.06.15 22:46:00,4311.94,4312.07,4311.24,4311.54,104,43,0
2026.06.15 22:47:00,4311.6,4312.16,4311.46,4311.96,71,43,0
2026.06.15 22:48:00,4311.97,4311.98,4311.14,4311.62,83,43,0
2026.06.15 22:49:00,4311.58,4311.76,4310.5,4310.5,100,43,0
2026.06.15 22:50:00,4310.44,4313.02,4310.39,4312.97,123,43,0
2026.06.15 22:51:00,4313.0,4313.23,4312.22,4312.83,137,43,0
2026.06.15 22:52:00,4312.88,4313.21,4312.58,4313.07,115,43,0
2026.06.15 22:53:00,4313.05,4313.26,4312.81,4313.25,72,43,0
2026.06.15 22:54:00,4313.26,4314.13,4313.26,4313.33,104,43,0
2026.06.15 22:55:00,4313.34,4314.16,4313.3,4313.81,105,43,0
2026.06.15 22:56:00,4313.82,4313.86,4313.14,4313.35,91,43,0
2026.06.15 22:57:00,4313.48,4313.55,4312.3,4312.63,100,43,0
2026.06.15 22:58:00,4312.64,4312.83,4312.06,4312.52,97,43,0
2026.06.15 22:59:00,4312.5,4312.5,4311.43,4311.84,93,43,0
2026.06.15 23:00:00,4311.89,4313.31,4311.87,4313.17,97,43,0
2026.06.15 23:01:00,4313.11,4313.18,4312.5,4313.16,84,43,0
2026.06.15 23:02:00,4313.19,4314.34,4313.19,4314.21,88,43,0
2026.06.15 23:03:00,4314.21,4314.75,4313.42,4314.68,88,43,0
2026.06.15 23:04:00,4314.77,4316.27,4314.34,4315.35,90,43,0
2026.06.15 23:05:00,4315.3,4315.32,4313.74,4314.78,119,43,0
2026.06.15 23:06:00,4314.8,4315.06,4314.24,4314.91,91,43,0
2026.06.15 23:07:00,4314.94,4316.03,4314.86,4315.73,134,43,0
2026.06.15 23:08:00,4315.62,4316.31,4315.36,4315.41,102,43,0
2026.06.15 23:09:00,4315.41,4315.5,4314.07,4314.15,90,43,0
2026.06.15 23:10:00,4314.36,4315.53,4314.36,4315.07,113,43,0
2026.06.15 23:11:00,4315.03,4316.04,4314.23,4315.13,151,43,0
2026.06.15 23:12:00,4315.12,4315.64,4313.78,4313.96,96,43,0
2026.06.15 23:13:00,4313.89,4314.71,4313.85,4314.48,84,43,0
2026.06.15 23:14:00,4314.47,4315.08,4313.04,4313.27,126,43,0
2026.06.15 23:15:00,4313.26,4313.29,4312.27,4312.69,105,43,0
2026.06.15 23:16:00,4312.5,4312.51,4311.37,4312.45,103,43,0
2026.06.15 23:17:00,4312.43,4314.61,4311.81,4314.61,142,43,0
2026.06.15 23:18:00,4314.47,4314.8,4312.2,4312.61,119,43,0
2026.06.15 23:19:00,4312.6,4313.02,4312.09,4312.61,74,43,0
2026.06.15 23:20:00,4312.73,4313.22,4312.52,4312.76,81,43,0
2026.06.15 23:21:00,4312.74,4314.25,4312.57,4314.17,95,43,0
2026.06.15 23:22:00,4314.17,4314.25,4312.55,4313.78,143,43,0
2026.06.15 23:23:00,4313.76,4313.96,4313.09,4313.85,119,43,0
2026.06.15 23:24:00,4313.83,4314.14,4313.69,4313.75,103,43,0
2026.06.15 23:25:00,4313.77,4315.35,4313.77,4315.21,142,43,0
2026.06.15 23:26:00,4315.21,4315.28,4314.33,4314.58,102,43,0
2026.06.15 23:27:00,4314.57,4315.05,4314.38,4314.99,61,43,0
2026.06.15 23:28:00,4315.0,4315.24,4314.63,4314.72,76,43,0
2026.06.15 23:29:00,4314.73,4315.49,4314.66,4315.4,65,43,0
2026.06.15 23:30:00,4315.37,4316.28,4315.0,4315.33,112,43,0
2026.06.15 23:31:00,4315.33,4315.52,4314.96,4315.52,81,43,0
2026.06.15 23:32:00,4315.52,4315.77,4315.32,4315.32,64,43,0
2026.06.15 23:33:00,4315.29,4315.67,4314.62,4315.54,86,43,0
2026.06.15 23:34:00,4315.28,4316.13,4314.93,4316.12,91,43,0
2026.06.15 23:35:00,4316.22,4319.1,4316.22,4317.6,180,43,0
2026.06.15 23:36:00,4317.47,4318.02,4317.36,4317.66,115,43,0
2026.06.15 23:37:00,4317.52,4318.09,4316.88,4317.22,125,43,0
2026.06.15 23:38:00,4317.2,4317.25,4315.13,4315.15,123,43,0
2026.06.15 23:39:00,4315.15,4315.26,4314.57,4315.05,97,43,0
2026.06.15 23:40:00,4314.93,4315.53,4313.87,4314.2,133,43,0
2026.06.15 23:41:00,4314.16,4314.66,4313.76,4313.77,76,43,0
2026.06.15 23:42:00,4313.27,4315.9,4313.27,4315.88,111,43,0
2026.06.15 23:43:00,4315.92,4316.7,4315.92,4316.5,106,43,0
2026.06.15 23:44:00,4316.5,4318.46,4316.5,4318.07,148,43,0
2026.06.15 23:45:00,4318.08,4318.34,4316.33,4316.8,135,43,0
2026.06.15 23:46:00,4316.78,4316.83,4314.99,4315.12,116,43,0
2026.06.15 23:47:00,4315.59,4316.54,4313.07,4313.96,177,43,0
2026.06.15 23:48:00,4314.02,4316.72,4313.95,4316.57,116,43,0
2026.06.15 23:49:00,4316.58,4317.32,4316.56,4317.24,110,43,0
2026.06.15 23:50:00,4317.22,4317.22,4316.5,4316.98,96,43,0
2026.06.15 23:51:00,4316.95,4317.99,4316.58,4317.93,112,43,0
2026.06.15 23:52:00,4317.88,4318.38,4316.95,4317.4,125,43,0
2026.06.15 23:53:00,4317.42,4318.19,4317.42,4317.92,99,43,0
2026.06.15 23:54:00,4317.9,4318.99,4317.78,4318.48,137,43,0
2026.06.15 23:55:00,4318.47,4318.83,4318.05,4318.2,118,43,0
2026.06.15 23:56:00,4318.2,4318.33,4317.22,4317.56,127,43,0
2026.06.15 23:57:00,4317.57,4317.79,4316.94,4317.3,100,43,0
2026.06.15 23:58:00,4317.31,4317.85,4314.7,4315.72,174,43,0
2026.06.15 23:59:00,4315.7,4316.5,4315.49,4315.49,130,43,0
2026.06.16 00:00:00,4315.46,4318.03,4313.76,4317.6,170,43,0
2026.06.16 00:01:00,4317.6,4318.08,4315.79,4316.23,154,43,0
2026.06.16 00:02:00,4316.24,4316.56,4314.56,4315.42,155,43,0
2026.06.16 00:03:00,4315.23,4315.26,4314.15,4314.44,175,43,0
2026.06.16 00:04:00,4314.3,4315.57,4313.38,4315.57,189,43,0
2026.06.16 00:05:00,4315.55,4316.4,4315.2,4315.92,139,43,0
2026.06.16 00:06:00,4315.96,4316.91,4315.68,4316.56,141,43,0
2026.06.16 00:07:00,4316.53,4317.08,4315.82,4315.91,103,43,0
2026.06.16 00:08:00,4315.94,4316.27,4315.14,4315.61,135,43,0
2026.06.16 00:09:00,4315.76,4316.98,4315.76,4316.63,93,43,0
2026.06.16 00:10:00,4316.63,4317.26,4315.77,4317.03,128,43,0
2026.06.16 00:11:00,4317.01,4317.01,4313.13,4315.27,151,43,0
2026.06.16 00:12:00,4315.28,4315.35,4314.29,4314.43,131,43,0
2026.06.16 00:13:00,4314.41,4315.12,4314.35,4315.09,106,43,0
2026.06.16 00:14:00,4315.1,4315.1,4313.37,4313.37,100,43,0
2026.06.16 00:15:00,4313.36,4315.69,4311.99,4314.48,160,43,0
2026.06.16 00:16:00,4314.41,4314.8,4312.81,4312.81,136,43,0
2026.06.16 00:17:00,4312.8,4312.8,4311.0,4311.0,164,43,0
2026.06.16 00:18:00,4311.0,4311.39,4310.76,4310.78,164,43,0
2026.06.16 00:19:00,4310.83,4311.52,4309.93,4311.5,155,43,0
2026.06.16 00:20:00,4311.51,4311.9,4310.24,4311.38,174,43,0
2026.06.16 00:21:00,4311.5,4312.07,4309.84,4310.71,173,43,0
2026.06.16 00:22:00,4310.83,4310.9,4308.02,4308.56,207,43,0
2026.06.16 00:23:00,4308.55,4310.01,4308.41,4309.12,173,43,0
2026.06.16 00:24:00,4309.11,4309.7,4308.01,4308.84,152,43,0
2026.06.16 00:25:00,4308.96,4310.18,4307.93,4308.13,131,43,0
2026.06.16 00:26:00,4308.12,4308.31,4306.82,4307.24,152,43,0
2026.06.16 00:27:00,4307.23,4309.59,4306.73,4308.98,187,43,0
2026.06.16 00:28:00,4309.01,4309.76,4308.56,4308.81,158,43,0
2026.06.16 00:29:00,4308.62,4308.92,4307.68,4308.14,166,43,0
2026.06.16 00:30:00,4308.13,4310.44,4307.76,4309.43,189,43,0
2026.06.16 00:31:00,4309.55,4309.97,4307.9,4308.54,198,43,0
2026.06.16 00:32:00,4308.5,4311.47,4308.4,4310.72,219,43,0
2026.06.16 00:33:00,4310.75,4311.26,4308.44,4308.65,197,43,0
2026.06.16 00:34:00,4308.63,4311.11,4308.63,4310.56,146,43,0
2026.06.16 00:35:00,4310.61,4311.08,4309.52,4309.58,151,43,0
2026.06.16 00:36:00,4309.55,4313.57,4309.55,4311.78,198,43,0
2026.06.16 00:37:00,4311.79,4312.43,4311.39,4312.33,149,43,0
2026.06.16 00:38:00,4312.32,4312.57,4309.82,4312.12,166,43,0
2026.06.16 00:39:00,4312.14,4312.68,4311.75,4311.9,144,43,0
2026.06.16 00:40:00,4311.87,4312.03,4310.87,4311.24,172,43,0
2026.06.16 00:41:00,4311.23,4311.93,4311.23,4311.87,142,43,0
2026.06.16 00:42:00,4311.88,4311.88,4309.95,4311.23,221,43,0
2026.06.16 00:43:00,4311.23,4311.29,4310.29,4310.66,146,43,0
2026.06.16 00:44:00,4310.72,4311.3,4309.95,4310.91,139,43,0
2026.06.16 00:45:00,4310.93,4312.21,4310.59,4311.6,158,43,0
2026.06.16 00:46:00,4311.59,4312.65,4310.74,4312.53,145,43,0
2026.06.16 00:47:00,4312.57,4312.76,4312.32,4312.52,125,43,0
2026.06.16 00:48:00,4312.56,4312.71,4311.17,4312.13,142,43,0
2026.06.16 00:49:00,4312.15,4312.28,4311.21,4312.18,133,43,0
2026.06.16 00:50:00,4312.02,4312.62,4311.7,4311.85,133,43,0
2026.06.16 00:51:00,4311.82,4313.27,4311.39,4312.1,159,43,0
2026.06.16 00:52:00,4312.08,4313.41,4311.86,4313.08,148,43,0
2026.06.16 00:53:00,4313.07,4313.89,4312.92,4313.48,168,43,0
2026.06.16 00:54:00,4313.49,4313.57,4312.42,4313.36,200,43,0
2026.06.16 00:55:00,4313.38,4316.63,4313.38,4316.37,186,43,0
2026.06.16 00:56:00,4316.37,4319.28,4316.37,4318.49,205,43,0
2026.06.16 00:57:00,4318.44,4318.89,4317.43,4317.43,172,43,0
2026.06.16 00:58:00,4317.42,4320.33,4317.41,4319.97,166,43,0
2026.06.16 00:59:00,4319.93,4320.59,4318.8,4319.06,177,43,0
2026.06.16 01:00:00,4319.08,4325.32,4316.49,4324.89,237,43,0
2026.06.16 01:01:00,4324.47,4324.87,4323.09,4324.74,219,43,0
2026.06.16 01:02:00,4324.8,4325.78,4321.3,4323.64,217,43,0
2026.06.16 01:03:00,4323.62,4325.76,4323.38,4324.11,219,43,0
2026.06.16 01:04:00,4324.19,4324.3,4320.27,4322.04,252,43,0
2026.06.16 01:05:00,4321.87,4322.09,4318.51,4319.83,214,43,0
2026.06.16 01:06:00,4319.57,4319.58,4315.63,4315.63,225,43,0
2026.06.16 01:07:00,4315.67,4317.67,4315.48,4316.81,210,43,0
2026.06.16 01:08:00,4316.68,4321.23,4315.74,4318.38,219,43,0
2026.06.16 01:09:00,4318.47,4319.35,4317.24,4318.72,262,43,0
2026.06.16 01:10:00,4318.61,4321.19,4318.45,4319.58,188,43,0
2026.06.16 01:11:00,4319.33,4321.12,4318.83,4319.61,190,43,0
2026.06.16 01:12:00,4319.66,4323.04,4319.11,4322.97,191,43,0
2026.06.16 01:13:00,4322.97,4322.99,4318.25,4318.7,176,43,0
2026.06.16 01:14:00,4318.69,4320.29,4318.46,4319.73,170,43,0
2026.06.16 01:15:00,4319.66,4320.93,4318.91,4320.37,197,43,0
2026.06.16 01:16:00,4320.34,4321.22,4319.12,4321.08,196,43,0
2026.06.16 01:17:00,4321.08,4321.41,4320.01,4320.67,203,43,0
2026.06.16 01:18:00,4320.65,4320.72,4319.28,4319.77,190,43,0
2026.06.16 01:19:00,4319.73,4320.28,4318.62,4319.12,206,43,0
2026.06.16 01:20:00,4319.07,4321.89,4318.68,4320.09,229,43,0
2026.06.16 01:21:00,4320.18,4320.2,4316.28,4316.81,205,43,0
2026.06.16 01:22:00,4316.83,4319.14,4316.75,4318.79,205,43,0
2026.06.16 01:23:00,4318.81,4319.51,4317.39,4319.15,199,43,0
2026.06.16 01:24:00,4319.07,4320.79,4318.95,4319.1,151,43,0
2026.06.16 01:25:00,4319.13,4323.3,4318.74,4323.22,208,43,0
2026.06.16 01:26:00,4323.17,4323.89,4320.33,4320.97,240,43,0
2026.06.16 01:27:00,4321.01,4323.16,4320.1,4321.49,263,43,0
2026.06.16 01:28:00,4321.41,4321.73,4320.11,4320.28,218,43,0
2026.06.16 01:29:00,4320.29,4320.29,4317.71,4319.21,247,43,0
2026.06.16 01:30:00,4319.24,4320.31,4318.55,4319.58,222,43,0
2026.06.16 01:31:00,4319.44,4320.02,4318.44,4319.16,211,43,0
2026.06.16 01:32:00,4319.19,4319.25,4315.38,4316.32,252,43,0
2026.06.16 01:33:00,4316.37,4316.97,4314.41,4315.54,220,43,0
2026.06.16 01:34:00,4315.24,4316.15,4314.53,4315.49,225,43,0
2026.06.16 01:35:00,4315.46,4315.98,4314.34,4314.93,234,43,0
2026.06.16 01:36:00,4314.94,4314.94,4313.47,4313.9,200,43,0
2026.06.16 01:37:00,4314.06,4317.59,4313.66,4317.46,205,43,0
2026.06.16 01:38:00,4317.4,4318.46,4316.25,4318.13,203,43,0
2026.06.16 01:39:00,4318.09,4318.63,4317.42,4317.51,207,43,0
2026.06.16 01:40:00,4317.55,4318.33,4317.45,4317.68,196,43,0
2026.06.16 01:41:00,4317.71,4317.71,4314.46,4314.6,219,43,0
2026.06.16 01:42:00,4314.68,4315.3,4313.22,4314.95,203,43,0
2026.06.16 01:43:00,4314.94,4315.64,4314.6,4315.02,196,43,0
2026.06.16 01:44:00,4315.01,4315.59,4314.83,4314.91,162,43,0
2026.06.16 01:45:00,4314.89,4315.13,4313.8,4314.8,179,43,0
2026.06.16 01:46:00,4314.81,4316.23,4314.69,4316.01,180,43,0
2026.06.16 01:47:00,4315.99,4318.68,4315.99,4318.65,163,43,0
2026.06.16 01:48:00,4318.56,4319.27,4316.5,4316.66,210,43,0
2026.06.16 01:49:00,4316.67,4317.57,4316.64,4317.57,183,43,0
2026.06.16 01:50:00,4317.53,4317.61,4315.59,4316.79,209,43,0
2026.06.16 01:51:00,4316.82,4317.08,4314.51,4314.72,197,43,0
2026.06.16 01:52:00,4314.8,4314.98,4313.54,4314.39,187,43,0
2026.06.16 01:53:00,4314.36,4314.56,4312.79,4312.79,203,43,0
2026.06.16 01:54:00,4312.8,4314.39,4312.8,4313.86,189,43,0
2026.06.16 01:55:00,4313.82,4313.82,4312.29,4312.41,199,43,0
2026.06.16 01:56:00,4312.52,4313.71,4312.03,4313.37,227,43,0
2026.06.16 01:57:00,4313.38,4313.75,4312.05,4312.29,213,43,0
2026.06.16 01:58:00,4312.32,4313.18,4312.13,4312.8,176,43,0
2026.06.16 01:59:00,4312.78,4314.04,4312.59,4313.46,195,43,0
2026.06.16 02:00:00,4313.46,4314.03,4311.87,4313.6,130,43,0
